"State","Year","electricity","auto","ng","food","house_own","house_rent","rPCE","electricity_diff","auto_diff","ng_diff","house_own_diff","house_rent_diff","food_diff"
"Alabama",2016,1277.9664,936.97,843.6,3252.15,8663.94178488333,10801.19848825,35943,19.1376,59.39,-4.19999999999993,107.238627533328,361.4133396333,54.75
"Alabama",2017,1350.264,1014.7,967.2,3263.1,9152.49540883333,11236.8819390875,36643,72.2975999999999,77.73,123.6,488.553623950002,435.6834508375,10.9499999999998
"Alabama",2018,1310.9256,1071.38,913.2,3306.9,9959.91367459167,11602.622322125,38180,-39.3383999999999,56.6800000000001,-54,807.418265758339,365.740383037501,43.8000000000002
"Alabama",2019,1355.58,1094.34,937.8,3431.76268656716,9941.92112531667,12115.5966620375,38717,44.6543999999999,22.9599999999998,24.5999999999999,-17.992549274999,512.9743399125,124.86268656716
"Alabama",2020,1357.7064,1078.53,960.6,3553.68358208955,9843.639428425,12652.2880560833,38138,2.1264000000001,-15.8099999999999,22.8000000000001,-98.2816968916704,536.6913940458,121.92089552239
"Alabama",2021,1418.3088,1084.87,943.2,3910.62089552239,10802.3407229,13587.0511369222,41035,60.6024,6.33999999999992,-17.4,958.701294475,934.7630808389,356.93731343284
"Alabama",2022,1538.4504,1128.28,1041.6,4382.94179104478,14913.8987275917,14864.6371636028,41599,120.1416,43.4100000000001,98.3999999999999,4111.5580046917,1277.5860266806,472.32089552239
"Alaska",2016,2187.0024,1053.48,588.6,3766.8,17292.691122,15074.61061,44682,41.4647999999997,-7.77999999999997,10.2,395.490462000002,-170.561946,32.8500000000004
"Alaska",2017,2289.0696,1072.19,631.2,3690.15,17976.8069405,14858.585506,44892,102.0672,18.71,42.6,684.115818499999,-216.025104,-76.6500000000001
"Alaska",2018,2349.672,1111.08,659.4,3942,19301.2977895,14951.53816,45837,60.6024000000002,38.8899999999999,28.1999999999999,1324.490849,92.9526540000006,251.85
"Alaska",2019,2434.728,1141.81,666.6,4365.27413793103,19215.0651035,15098.466811,47049,85.056,30.73,7.20000000000005,-86.2326859999994,146.928651,423.27413793103
"Alaska",2020,2445.36,1112.74,668.4,4533.665,18485.3164395,15417.148626,45108,10.6320000000001,-29.0699999999999,1.79999999999995,-729.748664000002,318.681815,168.39086206897
"Alaska",2021,2406.0216,1119.22,656.4,5105.255,18750.8795765,16656.630481,47392,-39.3384000000001,6.48000000000002,-12,265.563137000001,1239.481855,571.59
"Alaska",2022,2460.2448,1154.57,664.8,5590.705,24865.8892405,18427.928401,50009,54.2231999999999,35.3499999999999,8.39999999999998,6115.009664,1771.29792,485.45
"Arizona",2016,1309.8624,1043.26,916.8,3142.65,11907.2557043667,11564.053394725,37019,-4.25279999999998,51.71,-105.6,409.8038654834,556.351843050001,65.7000000000003
"Arizona",2017,1332.1896,1125.54,946.8,3164.55,12980.90173705,12276.695952825,38511,22.3271999999999,82.28,30,1073.6460326833,712.6425581,21.9000000000001
"Arizona",2018,1370.4648,1183.69,921,3208.35,14449.2770497333,13930.55344162,39580,38.2752,58.1500000000001,-25.8,1468.3753126833,1653.857488795,43.7999999999997
"Arizona",2019,1343.8848,1201.08,807.6,3428.81,14526.9577841333,14874.6464222,40082,-26.5799999999999,17.3899999999999,-113.4,77.680734399999,944.092980579999,220.46
"Arizona",2020,1324.7472,1169.15,786,3515.68,14510.0379308833,15859.9750762,39131,-19.1376,-31.9299999999998,-21.6,-16.9198532499995,985.328654000001,86.8699999999999
"Arizona",2021,1335.3792,1199.88,931.2,3855.86,16869.7518511167,18282.5439453333,43859,10.6320000000001,30.73,145.2,2359.7139202334,2422.5688691333,340.18
"Arizona",2022,1387.476,1286.72,1068.6,4251.52,24837.9068748333,19311.488783881,43703,52.0968,86.8399999999999,137.4,7968.1550237166,1028.9448385477,395.66
"Arkansas",2016,1055.7576,955.21,670.2,3066,8142.79836978333,10025.83554185,36276,8.50559999999996,45.2,-24.5999999999999,181.3931752,306.47366513333,87.5999999999999
"Arkansas",2017,1090.8432,1039.1,778.2,3055.05,8639.92715571667,10346.543783425,37001,35.0856000000001,83.8899999999999,108,497.128785933341,320.708241575001,-10.9499999999998
"Arkansas",2018,1049.3784,1097.84,706.2,3033.15,9387.63872611667,10551.838722925,38399,-41.4648,58.74,-72,747.711570399999,205.2949395,-21.9000000000001
"Arkansas",2019,1049.3784,1098.95,663,3146.738,9255.08874325,10863.568787575,38269,0,1.11000000000013,-43.2,-132.549982866669,311.730064650001,113.588
"Arkansas",2020,1111.044,1078.31,736.8,3254.924,9084.84205411667,11290.44015365,37974,61.6656,-20.6400000000001,73.8,-170.24668913333,426.871366075,108.186
"Arkansas",2021,1205.6688,1089.02,753,3644.452,10002.0807507,12278.6588064,40653,94.6247999999998,10.71,16.2,917.23869658333,988.21865275,389.528
"Arkansas",2022,1265.208,1132.14,1017,4048.872,13881.31199205,13367.5541997,41952,59.5392000000002,43.1200000000001,264,3879.23124135,1088.8953933,404.42
"California",2016,1838.2728,1044.57,710.4,3460.2,23863.7724241077,19227.8949841379,39332,35.0855999999999,58.1899999999999,27,1290.5220704308,810.716852112299,21.8999999999996
"California",2017,1931.8344,1115.73,749.4,3504,26209.9903525,20424.7645874579,40066,93.5616,71.1600000000001,39,2346.2179283923,1196.86960332,43.8000000000002
"California",2018,2007.3216,1189.68,738,3591.6,29855.0737511923,21509.6912470087,41087,75.4872,73.95,-11.4,3645.0833986923,1084.9266595508,87.5999999999999
"California",2019,2036.028,1219.43,777,3907.07327586207,29208.2038659231,22463.4615513478,42669,28.7064,29.75,39,-646.8698852692,953.770304339097,315.47327586207
"California",2020,2167.8648,1216.72,848.4,4191.58448275862,28247.5025655769,23183.5081615237,40808,131.8368,-2.71000000000004,71.4,-960.701300346202,720.046610175901,284.51120689655
"California",2021,2417.7168,1212.81,980.4,4521.9724137931,31576.8486180769,25319.2550027391,45189,249.852,-3.91000000000008,132,3329.3460525,2135.7468412154,330.38793103448
"California",2022,2804.7216,1249.83,1209,4954.30862068966,44330.4414297308,27084.5625798298,46501,387.0048,37.02,228.6,12753.5928116539,1765.3075770907,432.33620689656
"Colorado",2016,1279.0296,1074,441,3493.05,17073.9308435,15440.1968329661,41892,-5.31600000000003,83.84,-55.2,1341.7408317714,1441.4389549271,109.5
"Colorado",2017,1294.9776,1194.7,484.8,3547.8,19097.7210952857,16377.9557549304,43014,15.9479999999999,120.7,43.8,2023.7902517857,937.758921964301,54.75
"Colorado",2018,1292.8512,1290.63,464.4,3602.55,21492.5395204857,17425.544086175,45062,-2.12639999999988,95.9300000000001,-20.4,2394.8184252,1047.5883312446,54.75
"Colorado",2019,1314.1152,1338.84,466.2,3785.278125,21324.1832503857,18344.52488115,45363,21.2639999999999,48.2099999999998,1.80000000000001,-168.356270100001,918.980794974999,182.728125
"Colorado",2020,1325.8104,1329.96,433.2,3930.19453125,21066.0282872857,19142.379957875,43664,11.6952000000001,-8.87999999999988,-33,-258.154963100002,797.855076725002,144.91640625
"Colorado",2021,1386.4128,1347.92,546.6,4305.403125,23401.3798061429,21035.6804886667,48502,60.6024,17.96,113.4,2335.3515188572,1893.3005307917,375.20859375
"Colorado",2022,1517.1864,1446.48,763.2,4765.13203125,33555.669676,23817.8526028889,50608,130.7736,98.5599999999999,216.6,10154.2898698571,2782.1721142222,459.72890625
"Connecticut",2016,2140.2216,1213.52,774.6,3493.05,19566.3153545,14255.73326848,45033,-97.8144000000002,35.5799999999999,24.6,-73.9715075000022,329.217756440001,76.6500000000001
"Connecticut",2017,2163.612,1276.02,837,3580.65,20407.575513,14651.45630282,45797,23.3904000000002,62.5,62.4,841.260158500001,395.723034339999,87.5999999999999
"Connecticut",2018,2259.3,1326.63,835.2,3701.1,21675.4627285,15109.87824876,47924,95.6880000000001,50.6100000000001,-1.79999999999995,1267.8872155,458.421945940001,120.45
"Connecticut",2019,2349.672,1349.73,876.6,3996.75,20933.4284735,15608.19614352,48114,90.3719999999998,23.0999999999999,41.4,-742.034254999999,498.317894759999,295.65
"Connecticut",2020,2419.8432,1326.79,880.8,4277.34375,20231.9507415,16483.14714694,46882,70.1711999999998,-22.9400000000001,4.19999999999993,-701.477731999999,874.951003419999,280.59375
"Connecticut",2021,2341.1664,1338.61,963.6,4560.675,22085.92332075,18171.1158542,50898,-78.6767999999997,11.8199999999999,82.8000000000001,1853.97257925,1687.96870726,283.33125
"Connecticut",2022,2642.052,1374.02,1101.6,4994.41666666667,28807.688278,20087.5859098,49646,300.8856,35.4100000000001,138,6721.76495725,1916.4700556,433.74166666667
"Delaware",2016,1434.2568,1269.92,712.8,3416.4,12951.3320973,13764.8127055,43961,11.6952000000001,30.6900000000001,-44.4000000000001,155.371690900001,270.890313,87.5999999999999
"Delaware",2017,1431.0672,1321.51,770.4,3416.4,13837.829815,14049.416222,44514,-3.18960000000015,51.5899999999999,57.6,886.497717699998,284.603516499999,0
"Delaware",2018,1341.7584,1391.84,756,3482.1,15018.0522065,14477.4230665,45194,-89.3088,70.3299999999999,-14.4,1180.2223915,428.0068445,65.6999999999998
"Delaware",2019,1347.0744,1387.16,726,3657.3,14823.3794475,14953.1022795,45685,5.31600000000003,-4.67999999999984,-30,-194.672759000001,475.679213000001,175.2
"Delaware",2020,1344.948,1346.83,777,3854.4,14283.8987735,15647.3285645,44523,-2.12639999999988,-40.3300000000002,51,-539.480674,694.226284999999,197.1
"Delaware",2021,1324.7472,1350.67,788.4,4164.65,16094.3572465,17902.3601225,47909,-20.2008000000001,3.84000000000015,11.4,1810.458473,2255.031558,310.25
"Delaware",2022,1427.8776,1388.67,900,4599,22881.0232285,19748.7007505,48371,103.1304,38,111.6,6786.665982,1846.340628,434.35
"District of Columbia",2016,1366.212,1386.88,654,4018.65,24076.061569,21024.608197,58437,4.25279999999998,49.96,-64.8,232.754846,361.836511000001,65.7000000000003
"District of Columbia",2017,1361.9592,1466.27,751.8,4325.25,25544.56697,21503.376369,60432,-4.25279999999998,79.3899999999999,97.8,1468.505401,478.768172,306.6
"District of Columbia",2018,1353.4536,1573.99,706.8,4467.6,27658.324027,22007.888264,61417,-8.50559999999996,107.72,-45,2113.757057,504.511895,142.35
"District of Columbia",2019,1378.9704,1582.85,768.6,4763.25,27090.177556,22694.089488,63900,25.5167999999999,8.8599999999999,61.8000000000001,-568.146471,686.201224,295.65
"District of Columbia",2020,1333.2528,1541.98,715.2,4916.55,26294.217654,22809.162686,60411,-45.7175999999999,-40.8699999999999,-53.4,-795.959901999999,115.073197999998,153.3
"District of Columbia",2021,1385.3496,1559.31,857.4,5190.3,28195.362465,23491.783218,65273,52.0968,17.3299999999999,142.2,1901.144811,682.620532000001,273.75
"District of Columbia",2022,1481.0376,1628.81,1000.8,5748.75,37550.085024,25585.594622,65972,95.6880000000001,69.5,143.4,9354.722559,2093.811404,558.45
"Florida",2016,1195.0368,1345.84,1216.2,3471.15,12702.5675650273,13521.6071518358,40969,-57.4127999999998,84.4599999999998,55.8,625.197139263701,519.3820223516,65.7000000000003
"Florida",2017,1257.7656,1445.57,1269,3525.9,13849.5632715182,14267.1322720136,41745,62.7287999999999,99.73,52.8,1146.9957064909,745.525120177799,54.75
"Florida",2018,1226.9328,1521.61,1280.4,3602.55,15345.8521740818,15341.0597798669,42991,-30.8327999999999,76.04,11.4000000000001,1496.2889025636,1073.9275078533,76.6500000000001
"Florida",2019,1268.3976,1558.62,1299.6,3686.71791044776,15252.0195240364,16188.2139833636,43951,41.4648,37.01,19.1999999999998,-93.8326500454004,847.154203496699,84.1679104477598
"Florida",2020,1223.7432,1469.92,1282.8,3808.31194029851,15031.7291451909,16875.4163200273,42478,-44.6544000000001,-88.6999999999998,-16.8,-220.290378845499,687.2023366637,121.59402985075
"Florida",2021,1270.524,1543.28,1374,4168.19104477612,16797.1437663955,19435.0822088961,46415,46.7808,73.3599999999999,91.2,1765.4146212046,2559.6658888688,359.87910447761
"Florida",2022,1477.848,1703.09,1580.4,4586.08880597015,25201.6386222727,22760.5106061304,47670,207.324,159.81,206.4,8404.4948558772,3325.4283972343,417.89776119403
"Georgia",2016,1231.1856,1153.39,873.6,3208.35,9145.87953505714,11101.5500154139,37523,-7.44239999999991,82.0600000000002,-3.60000000000002,161.454775300001,181.588185947801,54.75
"Georgia",2017,1273.7136,1286.49,1015.8,3208.35,9776.21838755,11092.1655692,38271,42.528,133.1,142.2,630.33885249286,-9.38444621390045,0
"Georgia",2018,1237.5648,1387.63,838.8,3274.05,10821.8970724929,11626.32269229,39237,-36.1487999999999,101.14,-177,1045.6786849429,534.157123089999,65.7000000000003
"Georgia",2019,1242.8808,1436.55,892.8,3400.42264150943,10953.3794679214,12228.75399587,40029,5.3159999999998,48.9199999999998,54,131.4823954285,602.431303580001,126.37264150943
"Georgia",2020,1275.84,1426.38,927,3558.19905660377,10830.8346692786,12850.6968613155,38887,32.9592,-10.1699999999998,34.2,-122.544798642801,621.942865445501,157.77641509434
"Georgia",2021,1347.0744,1432.29,954.6,3852.47169811321,11948.6977006857,14427.8960578518,42009,71.2344000000001,5.90999999999985,27.6,1117.8630314071,1577.1991965363,294.27264150944
"Georgia",2022,1518.2496,1513.33,1083.6,4341.36509433962,16897.8517044071,16408.8172204989,42928,171.1752,81.04,129,4949.1540037214,1980.9211626471,488.89339622641
"Hawaii",2016,2906.7888,893.52,2188.8,3580.65,31157.895046,24734.673993,37257,-299.8224,22.47,-216,672.786100500001,479.015437999999,43.8000000000002
"Hawaii",2017,3111.9864,918.13,2332.8,3613.5,34748.192437,25243.704631,38075,205.1976,24.61,144,3590.297391,509.030638,32.8499999999999
"Hawaii",2018,3419.2512,944.54,2608.8,3712.05,38386.853878,25688.005107,38744,307.2648,26.41,276,3638.661441,444.300476,98.5500000000002
"Hawaii",2019,3433.0728,955.5,2648.4,4119.39,36777.1466015,26324.80931,39659,13.8215999999998,10.96,39.5999999999999,-1609.7072765,636.804203,407.34
"Hawaii",2020,3252.3288,919.4,2265,4574.91,35306.156976,26439.086774,37243,-180.744,-36.1,-383.4,-1470.9896255,114.277463999999,455.52
"Hawaii",2021,3501.1176,926.92,2819.4,5689.62,38317.483111,29123.2060478333,40562,248.7888,7.51999999999998,554.4,3011.326135,2684.1192738333,1114.71
"Hawaii",2022,4551.5592,951.75,3447.6,6153.9,57497.1057305,30645.1859586667,42308,1050.4416,24.83,628.2,19179.6226195,1521.9799108334,464.28
"Idaho",2016,1071.7056,731.46,488.4,3208.35,11293.39963125,9866.2163759,34563,-2.1264000000001,35.37,-27,413.476240616701,534.445481249999,10.9499999999998
"Idaho",2017,1075.9584,780.46,459,3219.3,12667.0969055,11121.4383409167,34595,4.25279999999998,49,-29.4,1373.69727425,1255.2219650167,10.9500000000003
"Idaho",2018,1097.2224,828.28,426.6,3328.8,14503.34724935,12030.6479432,36290,21.2640000000001,47.8199999999999,-32.4,1836.25034385,909.209602283299,109.5
"Idaho",2019,1060.0104,849.71,390,3574.92613636364,15014.9464644667,12922.1668711667,36265,-37.2120000000002,21.4300000000001,-36.6,511.599215116701,891.518927966701,246.12613636364
"Idaho",2020,1067.4528,832.94,403.8,4027.11136363636,15388.3641106667,13940.706921,36465,7.44240000000013,-16.77,13.8,373.4176462,1018.5400498333,452.18522727272
"Idaho",2021,1080.2112,848.21,420,4435.24772727273,18950.9141868333,15481.812973025,39923,12.7583999999999,15.27,16.2,3562.5500761666,1541.106052025,408.13636363637
"Idaho",2022,1111.044,880.12,478.2,4902.61363636364,27335.8261868333,16365.2881565,41238,30.8328000000001,31.91,58.2,8384.912,883.475183475,467.36590909091
"Illinois",2016,1300.2936,930.12,472.8,3033.15,9826.91895490909,10537.3607446905,41253,-26.5799999999999,41.16,-5.39999999999998,132.26879388182,-150.358870504499,54.75
"Illinois",2017,1344.948,976.73,529.8,3066,10238.4363921545,10382.31217105,41638,44.6544000000001,46.61,56.9999999999999,411.517437245409,-155.048573640501,32.8499999999999
"Illinois",2018,1330.0632,997.42,489,3175.5,10862.2806177,10282.6762357625,42616,-14.8848,20.6899999999999,-40.8,623.844225545501,-99.6359352875006,109.5
"Illinois",2019,1363.0224,1018.5,482.4,3187.41617647059,10613.6202170091,10601.430723225,43445,32.9592,21.08,-6.60000000000002,-248.6604006909,318.7544874625,11.91617647059
"Illinois",2020,1366.212,997.18,476.4,3376.35735294118,10314.5098599455,10921.0947463375,41863,3.18959999999993,-21.3200000000001,-6,-299.110357063601,319.6640231125,188.94117647059
"Illinois",2021,1394.9184,1001.22,630.6,3814.14264705882,10843.8859165727,11648.6741239611,44938,28.7064,4.04000000000008,154.2,529.376056627201,727.579377623601,437.78529411764
"Illinois",2022,1671.3504,1080.14,828,4270.82205882353,13733.9939890636,12471.21151014,46706,276.432,78.9200000000001,197.4,2890.1080724909,822.537386178899,456.67941176471
"Indiana",2016,1202.4792,797.38,475.2,2868.9,7793.358267625,9652.69092115,38534,15.9480000000001,38.4399999999999,-60.0000000000001,-763.287102825,269.93055605667,10.9500000000003
"Indiana",2017,1275.84,840.43,536.4,2868.9,8419.09385921667,9630.98544155298,39799,73.3607999999999,43.05,61.2,625.73559159167,-21.7054795970198,0
"Indiana",2018,1275.84,868.44,523.2,2934.6,9346.19003409167,9837.25463080278,39723,0,28.0100000000001,-13.1999999999999,927.096174875001,206.269189249799,65.6999999999998
"Indiana",2019,1313.052,878.16,520.8,3110.63315217391,9435.053007475,10336.3547946778,39925,37.212,9.71999999999991,-2.40000000000009,88.8629733833295,499.10016387502,176.03315217391
"Indiana",2020,1326.8736,863.29,515.4,3231.08315217391,9352.01235809167,10778.8172212111,39850,13.8216,-14.87,-5.39999999999998,-83.0406493833307,442.4624265333,120.45
"Indiana",2021,1421.4984,858.33,603,3596.12282608696,10319.0289900083,11369.8259615673,42449,94.6248000000001,-4.95999999999992,87.6,967.016631916631,591.008740356199,365.03967391305
"Indiana",2022,1574.5992,905.61,696,4043.76358695652,14141.730165425,12473.1058487845,44252,153.1008,47.28,93,3822.7011754167,1103.2798872172,447.64076086956
"Iowa",2016,1325.8104,741.32,487.8,2978.4,11164.3763507857,10679.676991675,40477,44.6544000000001,31.37,-22.8,164.6448778143,178.8366446417,54.75
"Iowa",2017,1358.7696,795.1,558,2956.5,11918.8603531286,10865.200663525,41216,32.9592,53.78,70.2,754.484002342901,185.52367185,-21.9000000000001
"Iowa",2018,1370.4648,816.11,536.4,3055.05,12830.8303044429,10949.71980366,40349,11.6951999999999,21.01,-21.6,911.969951314299,84.5191401350003,98.5500000000002
"Iowa",2019,1394.9184,823.53,491.4,3322.38484848485,12783.4603798143,11150.04045952,40655,24.4536000000001,7.41999999999996,-45,-47.3699246285996,200.32065586,267.33484848485
"Iowa",2020,1402.3608,822.17,466.8,3486.63484848485,12405.9727609571,11378.7122041,40023,7.44239999999991,-1.36000000000001,-24.6,-377.4876188572,228.67174458,164.25
"Iowa",2021,1372.5912,841.51,612,3924.52424242424,12929.4173695714,11831.70961223,43330,-29.7695999999999,19.34,145.2,523.4446086143,452.997408130001,437.88939393939
"Iowa",2022,1419.372,902.21,782.4,4319.38787878788,16838.5682574286,12358.7116713738,44632,46.7808,60.7,170.4,3909.1508878572,527.002059143799,394.86363636364
"Kansas",2016,1383.2232,882.92,591,3164.55,10192.195164025,9375.35310443333,39362,77.6135999999999,15.3199999999999,-19.2,-62.0189503499987,131.6533081,54.75
"Kansas",2017,1416.1824,947.54,657,3131.7,11044.2265225,9476.410736995,40092,32.9592,64.62,66,852.031358474998,101.057632561669,-32.8500000000004
"Kansas",2018,1408.74,986.75,610.8,3186.45,12083.332408575,9454.9895249,40217,-7.44239999999991,39.21,-46.2,1039.105886075,-21.4212120949996,54.75
"Kansas",2019,1352.3904,999.76,554.4,3374.79,11963.35594755,9686.96085622,40629,-56.3496,13.01,-56.4,-119.976461024999,231.971331319999,188.34
"Kansas",2020,1357.7064,966.92,562.2,3444.34857142857,11866.066550925,10010.9622978,39987,5.31600000000003,-32.84,7.80000000000007,-97.2893966250012,324.001441580001,69.5585714285698
"Kansas",2021,1373.6544,990.35,666.6,3863.78571428571,12782.091972275,10543.46867294,42846,15.9479999999999,23.4300000000001,104.4,916.025421350001,532.506375139999,419.43714285714
"Kansas",2022,1506.5544,1051.67,861.6,4327.33571428571,16869.790776,11493.779227705,44821,132.9,61.3200000000001,195,4087.698803725,950.310554764999,463.55
"Kentucky",2016,1087.6536,977.71,608.4,2956.5,8320.87651308333,10495.7205944,37377,21.2640000000001,39.25,-43.8000000000001,117.631289766661,397.532359749999,32.8499999999999
"Kentucky",2017,1131.2448,1043.82,697.2,2912.7,9051.750961,10773.9587405167,38270,43.5911999999998,66.1099999999999,88.8000000000001,730.874447916669,278.238146116701,-43.8000000000002
"Kentucky",2018,1109.9808,1101.05,633.6,2934.6,9929.88748991667,10245.6461105333,39539,-21.2639999999999,57.23,-63.6,878.13652891667,-528.3126299834,21.9000000000001
"Kentucky",2019,1131.2448,1096.3,651,3119.19875,10008.57871495,10247.28272618,39607,21.2639999999999,-4.75,17.4,78.6912250333298,1.63661564669928,184.59875
"Kentucky",2020,1151.4456,1059.44,668.4,3182.07,9809.450011,10569.59695162,39199,20.2008000000001,-36.8599999999999,17.4,-199.128703949998,322.314225440001,62.8712500000001
"Kentucky",2021,1207.7952,1040.11,732.6,3533.7475,10840.2688516333,11410.23948028,42358,56.3496,-19.3300000000002,64.2,1030.8188406333,840.642528660001,351.6775
"Kentucky",2022,1356.6432,1078.12,874.8,3947.56625,14670.6418613167,12856.1429987167,43032,148.848,38.01,142.2,3830.3730096834,1445.9035184367,413.81875
"Louisiana",2016,967.512,1509.51,681,3164.55,10665.4324377361,12441.7465565683,37430,-18.0744000000001,89.0599999999999,34.8,263.356737723601,-287.8999237317,87.6000000000004
"Louisiana",2017,1018.5456,1637.57,782.4,3295.95,11032.1652072222,12541.91237006,38507,51.0336000000001,128.06,101.4,366.7327694861,100.1658134917,131.4
"Louisiana",2018,995.1552,1755.08,699,3339.75,11775.0829080222,12675.9130443,39796,-23.3904,117.51,-83.4,742.917700799999,134.00067424,43.8000000000002
"Louisiana",2019,1017.4824,1763.87,689.4,3337.86796875,11446.1917779667,12746.99147892,40161,22.3271999999999,8.78999999999996,-9.60000000000002,-328.891130055499,71.0784346199998,-1.88203125000018
"Louisiana",2020,1005.7872,1684.76,729.6,3473.203125,10989.6848042111,13009.96668669,39294,-11.6952,-79.1099999999999,40.2,-456.5069737556,262.975207770001,135.33515625
"Louisiana",2021,1164.204,1682.47,772.2,3861.24375,11161.4834609444,13698.9237574548,42525,158.4168,-2.28999999999996,42.6,171.798656733301,688.9570707648,388.040625
"Louisiana",2022,1346.0112,1742.87,953.4,4308.99609375,14248.4321383889,13980.8280140238,43723,181.8072,60.3999999999999,181.2,3086.9486774445,281.904256569,447.75234375
"Maine",2016,1676.6664,744.19,829.2,3777.75,12432.5353334333,13344.48371125,43279,15.9480000000001,27.96,-178.2,238.268738799999,-1311.23047675,153.3
"Maine",2017,1704.3096,764.94,876.6,3832.5,13484.5117326333,12683.4791595333,44301,27.6432,20.75,47.4,1051.9763992,-661.0045517167,54.75
"Maine",2018,1710.6888,784.17,979.2,3952.95,14822.5605541667,12841.6500982,45394,6.37919999999986,19.2299999999999,102.6,1338.0488215334,158.170938666699,120.45
"Maine",2019,1904.1912,788.94,963,4281.45,14652.5434940333,13472.4023832667,46849,193.5024,4.7700000000001,-16.2,-170.017060133399,630.752285066701,328.5
"Maine",2020,1790.4288,789.47,892.8,4275.975,14584.8327994,14328.8271582667,45125,-113.7624,0.529999999999973,-70.2,-67.7106946333006,856.424774999999,-5.47499999999945
"Maine",2021,1789.3656,795.3,992.4,4465.546875,16420.7395041333,15992.4413657667,48898,-1.06319999999982,5.82999999999993,99.6,1835.9067047333,1663.6142075,189.571875
"Maine",2022,2397.516,834.78,1243.8,4864.5375,22771.295048,17713.4662421667,48216,608.1504,39.48,251.4,6350.5555438667,1721.0248764,398.990625
"Maryland",2016,1513.9968,1184.21,691.8,3394.5,13127.724038925,13821.4634999667,39953,52.0967999999998,66.5,-30,-171.8328188,222.099655833399,76.6500000000001
"Maryland",2017,1503.3648,1256.49,778.2,3438.3,13757.660974875,14126.4867799333,40417,-10.6319999999998,72.28,86.4000000000001,629.93693595,305.023279966601,43.8000000000002
"Maryland",2018,1419.372,1327.25,707.4,3504,14829.423377875,14475.3359191667,41102,-83.9928,70.76,-70.8000000000001,1071.762403,348.8491392334,65.6999999999998
"Maryland",2019,1401.2976,1348.11,753,3708.85625,14656.9539644,14882.5535776667,41692,-18.0744,20.8599999999999,45.6,-172.469413475001,407.2176585,204.85625
"Maryland",2020,1385.3496,1309.39,784.2,3921.925,14299.180118825,15473.6595236667,39293,-15.9480000000001,-38.7199999999998,31.2,-357.773845575,591.105946,213.06875
"Maryland",2021,1382.16,1303.9,882,4275.51875,15496.1345978,17049.0564163333,42167,-3.18959999999993,-5.49000000000001,97.8,1196.954478975,1575.3968926666,353.59375
"Maryland",2022,1520.376,1388.43,1018.2,4723.1,20458.11613045,18442.685203,43510,138.216,84.53,136.2,4961.98153265,1393.6287866667,447.58125
"Massachusetts",2016,2034.9648,1170.49,747.6,3701.1,18947.4106856,17857.5806986667,46133,-85.0559999999998,41.2,-33.6,468.566993600001,560.052767166701,142.35
"Massachusetts",2017,2118.9576,1215.18,799.2,3887.25,20386.3286144,18555.6962383333,47535,83.9928000000002,44.6900000000001,51.6,1438.9179288,698.1155396666,186.15
"Massachusetts",2018,2292.2592,1246.08,928.2,3974.85,22411.4700766,19362.5142756667,48292,173.3016,30.8999999999999,129,2025.1414622,806.8180373334,87.5999999999999
"Massachusetts",2019,2342.2296,1261.84,883.2,4307.26071428571,21976.4178978,20235.95542025,49132,49.9704000000002,15.76,-45,-435.052178799997,873.441144583299,332.41071428571
"Massachusetts",2020,2347.5456,1248.44,882.6,4600.56428571429,21471.8130812,20954.454448,46224,5.3159999999998,-13.3999999999999,-0.600000000000023,-504.6048166,718.49902775,293.303571428581
"Massachusetts",2021,2421.9696,1235.35,961.2,4869.62142857143,23856.1846482,21611.1139153833,51218,74.424,-13.0900000000001,78.6,2384.371567,656.659467383299,269.05714285714
"Massachusetts",2022,2712.2232,1251.16,1227,5342.03571428571,32466.437174,23812.28405405,51146,290.2536,15.8100000000002,265.8,8610.2525258,2201.1701386667,472.41428571428
"Michigan",2016,1625.6328,1430.48,492.6,3076.95,9317.89749194667,10667.4331231405,41381,92.4984000000002,37.55,-36,334.784422733339,80.0406712904987,54.75
"Michigan",2017,1650.0864,1494.03,502.8,3055.05,10149.6723036867,11022.0908936714,42555,24.4535999999998,63.55,10.2,831.774811740032,354.657770530901,-21.8999999999996
"Michigan",2018,1662.8448,1575.49,491.4,3109.8,11085.0660025333,11315.5892049482,42526,12.7584000000002,81.46,-11.4,935.393698846599,293.4983112768,54.75
"Michigan",2019,1684.1088,1622.75,484.8,3400.70060240964,11101.6225804533,11716.247262525,42645,21.2639999999999,47.26,-6.59999999999997,16.5565779200006,400.658057576798,290.90060240964
"Michigan",2020,1740.4584,1535.56,495,3572.86626506024,11080.2926419067,12230.528068,41694,56.3496,-87.1900000000001,10.2,-21.3299385465998,514.280805475,172.1656626506
"Michigan",2021,1865.916,1419.7,552.6,3902.68554216867,12211.8243844667,12885.6068260417,45017,125.4576,-115.86,57.6,1131.53174256,655.0787580417,329.81927710843
"Michigan",2022,1887.18,1428.65,678.6,4323.13915662651,16124.2085374867,14347.0154505397,45845,21.2640000000001,8.95000000000005,126,3912.38415302,1461.408624498,420.45361445784
"Minnesota",2016,1359.8328,902.36,480.6,3252.15,12337.8967869333,13088.89641,43952,42.528,22.97,-46.8,686.220551766599,-359.9462178667,65.7000000000003
"Minnesota",2017,1411.9296,939.01,508.2,3285,13442.3362832833,13474.327034405,44974,52.0968,36.65,27.6,1104.43949635,385.430624405,32.8499999999999
"Minnesota",2018,1431.0672,972.4,521.4,3372.6,14640.0384209333,13331.01563858,44509,19.1376,33.39,13.2,1197.70213765,-143.311395825,87.5999999999999
"Minnesota",2019,1427.8776,991.33,483.6,3533.95517241379,14550.6308799833,13786.33802586,44935,-3.18959999999993,18.9300000000001,-37.8,-89.4075409500001,455.322387279999,161.35517241379
"Minnesota",2020,1436.3832,972.91,482.4,3627.97413793103,14247.92150815,14172.6503188,42707,8.50559999999996,-18.4200000000001,-1.20000000000005,-302.7093718333,386.312292940001,94.0189655172398
"Minnesota",2021,1433.1936,986.22,564,4114.05344827586,15238.44748705,14807.91303806,45690,-3.18959999999993,13.3100000000001,81.6,990.525978899999,635.262719259999,486.07931034483
"Minnesota",2022,1516.1232,1063.32,727.2,4578.73620689655,20250.132571,15559.002970101,47301,82.9295999999999,77.0999999999999,163.2,5011.68508395,751.089932041001,464.68275862069
"Mississippi",2016,1116.36,1046.69,603.6,3252.15,8985.48984696667,11195.91780825,34726,-85.056,45.5200000000001,21.6,329.525053266669,566.783562250001,98.5500000000002
"Mississippi",2017,1190.784,1105.92,709.8,3208.35,9363.76505243333,11595.4791212,35249,74.4240000000002,59.23,106.2,378.27520546666,399.56131295,-43.8000000000002
"Mississippi",2018,1195.0368,1153.33,626.4,3175.5,10103.904626,11946.5682119,36127,4.25279999999998,47.4099999999999,-83.4,740.13957356667,351.089090699999,-32.8499999999999
"Mississippi",2019,1203.5424,1150.84,634.8,3362.4512195122,9955.0613006,12310.52401795,36184,8.50559999999996,-2.49000000000001,8.39999999999998,-148.843325399999,363.95580605,186.9512195122
"Mississippi",2020,1191.8472,1148.95,690.6,3444.44268292683,9702.06668423333,12938.834615,36640,-11.6952000000001,-1.88999999999987,55.8000000000001,-252.99461636667,628.31059705,81.9914634146298
"Mississippi",2021,1239.6912,1172.83,758.4,3753.84695121951,10345.7297287333,14220.6499358333,39186,47.8440000000001,23.8799999999999,67.8,643.66304449997,1281.8153208333,309.40426829268
"Mississippi",2022,1339.632,1232.4,873,4203.46463414634,13833.6461015333,15272.8009622,39613,99.9408000000001,59.5700000000002,114.6,3487.9163728,1052.1510263667,449.61768292683
"Missouri",2016,1174.836,933.75,656.4,3066,9512.7475727375,10122.603568525,41419,-1.06320000000005,54.01,-39.6,273.122935162501,257.2700554,76.6500000000001
"Missouri",2017,1222.68,1002.67,706.8,3044.1,10200.9301588625,10428.2935823,41951,47.8440000000001,68.92,50.4,688.182586125,305.690013775,-21.9000000000001
"Missouri",2018,1206.732,1055.8,622.2,3142.65,11148.8124842625,10363.2425884,42641,-15.9480000000001,53.13,-84.5999999999999,947.8823254,-65.0509939000003,98.5500000000002
"Missouri",2019,1174.836,1073.65,624.6,3231.39260869565,11061.5090451125,10765.83113256,42578,-31.896,17.8500000000001,2.39999999999998,-87.3034391500005,402.58854416,88.7426086956498
"Missouri",2020,1188.6576,1042.81,623.4,3342.0352173913,10947.2244851125,11252.09924928,41804,13.8216,-30.8400000000001,-1.20000000000005,-114.28456,486.268116719999,110.64260869565
"Missouri",2021,1234.3752,1063.26,652.2,3769.18043478261,11902.2612219,11897.262260321,44892,45.7175999999999,20.45,28.8000000000001,955.036736787501,645.163011041001,427.14521739131
"Missouri",2022,1325.8104,1133.9,857.4,4224.51,16168.700434025,12450.6243784929,46403,91.4352000000001,70.6400000000001,205.2,4266.439212125,553.362118171899,455.32956521739
"Montana",2016,1180.152,902.32,436.2,3186.45,15790.6841888,9861.2664395,41579,6.37920000000008,31.24,-56.4,832.90448528,243.481140149999,54.75
"Montana",2017,1183.3416,969.19,457.2,3241.2,16889.53979916,10060.9326540667,42106,3.18959999999993,66.87,21,1098.85561036,199.666214566701,54.75
"Montana",2018,1192.9104,1025.48,439.2,3306.9,18717.6999862,10221.8736921333,44104,9.56880000000001,56.29,-18,1828.16018704,160.9410380666,65.7000000000003
"Montana",2019,1210.9848,1039.97,425.4,3536.06785714286,18544.2350686,10594.8456022333,43682,18.0744,14.49,-13.8,-173.464917600002,372.971910099999,229.16785714286
"Montana",2020,1232.2488,1031.5,433.2,3632.85803571429,18238.3403518,11153.9247079,43840,21.2640000000001,-8.47000000000003,7.80000000000001,-305.894716799998,559.0791056667,96.7901785714303
"Montana",2021,1196.1,1035.76,531.6,4097.45089285714,21322.0300614,15540.80147095,48458,-36.1488000000002,4.25999999999999,98.4,3083.6897096,4386.87676305,464.59285714285
"Montana",2022,1192.9104,1079.53,625.2,4557.35089285714,30590.4224022,19511.9203078,50213,-3.18959999999993,43.77,93.6,9268.3923408,3971.11883685,459.9
"Nebraska",2016,1171.6464,871.53,480.6,3098.85,11600.5066688333,10566.76610585,42391,6.37920000000008,32.98,-51,397.628534433301,281.79465695,65.6999999999998
"Nebraska",2017,1181.2152,934.3,540.6,3098.85,12497.7586442,10907.5022346,43264,9.56880000000001,62.77,60,897.251975366698,340.736128750001,0
"Nebraska",2018,1162.0776,963.31,512.4,3131.7,13756.5128354667,11263.46341385,42654,-19.1376,29.01,-28.2,1258.7541912667,355.96117925,32.8499999999999
"Nebraska",2019,1166.3304,974.13,474,3393.08709677419,13905.6859634667,11615.4969961,42734,4.25279999999998,10.8200000000001,-38.4,149.173128,352.03358225,261.38709677419
"Nebraska",2020,1180.152,956.86,482.4,3427.82096774194,13718.2358259333,12058.81048965,41611,13.8216,-17.27,8.39999999999998,-187.4501375334,443.31349355,34.7338709677501
"Nebraska",2021,1159.9512,982.81,575.4,3820.37258064516,14953.4273504333,12712.08181615,45632,-20.2008000000001,25.9499999999999,93,1235.1915245,653.271326499998,392.55161290322
"Nebraska",2022,1178.0256,1049.96,769.8,4195.96935483871,19681.8181513333,12666.8174101667,47770,18.0744,67.1500000000001,194.4,4728.3908009,-45.2644059833001,375.596774193551
"Nevada",2016,1213.1112,1169.76,613.8,3295.95,14578.5201693333,13088.8392665,39104,-147.7848,51.26,-95.4000000000001,1176.1889816666,775.284814999999,32.8499999999999
"Nevada",2017,1267.3344,1258.79,529.2,3339.75,16288.2260956667,14125.1719705,39088,54.2231999999999,89.03,-84.5999999999999,1709.7059263334,1036.332704,43.8000000000002
"Nevada",2018,1260.9552,1387.58,554.4,3449.25,19065.1218926667,15394.627743,41377,-6.37919999999986,128.79,25.1999999999999,2776.895797,1269.4557725,109.5
"Nevada",2019,1277.9664,1419.65,570,3625.73823529412,19228.5779146667,16342.302357,40853,17.0111999999999,32.0700000000002,15.6,163.456022000002,947.674614000001,176.48823529412
"Nevada",2020,1146.1296,1365.05,621.6,3749.40882352941,18458.9497246667,17039.406599,40067,-131.8368,-54.6000000000001,51.6,-769.628189999999,697.104242000001,123.67058823529
"Nevada",2021,1209.9216,1381.12,583.2,4088.85882352941,21249.8677266667,19181.5651656667,44689,63.7919999999999,16.0699999999999,-38.4,2790.918002,2142.1585666667,339.45
"Nevada",2022,1447.0152,1420.51,763.2,4524.28235294118,30773.6691016667,20476.9329773667,45857,237.0936,39.3900000000001,180,9523.801375,1295.3678117,435.42352941177
"New Hampshire",2016,1950.972,839.8,855,3558.75,18189.86409,13013.377315,45361,-26.5799999999999,26.24,-115.8,499.669815999998,-428.194025000001,98.5500000000002
"New Hampshire",2017,2033.9016,861.19,873,3624.45,19554.576706,13140.8185887,46405,82.9295999999999,21.3900000000001,18,1364.712616,127.4412737,65.6999999999998
"New Hampshire",2018,2082.8088,883.56,921,3723,21409.277239,13857.2774208,47865,48.9071999999999,22.3699999999999,48,1854.700533,716.458832099999,98.5500000000002
"New Hampshire",2019,2137.032,899.12,945,4081.065,21233.642849,14604.7113085,48195,54.2232000000004,15.5600000000001,24,-175.634389999999,747.433887700001,358.065
"New Hampshire",2020,2028.5856,879.28,879.6,4193.85,21077.300762,15590.1459895,46649,-108.4464,-19.84,-65.4,-156.342087000001,985.434681000001,112.785
"New Hampshire",2021,2085.9984,880.63,978.6,4349.34,23394.90426,17200.112297,50748,57.4127999999998,1.35000000000002,99,2317.603498,1609.9663075,155.49
"New Hampshire",2022,2605.9032,915.15,1230.6,4772.01,31486.877401,18591.5353510833,49732,519.9048,34.52,252,8091.973141,1391.4230540833,422.67
"New Jersey",2016,1681.9824,1419.38,498,3460.2,17926.433427,16111.943059,42517,-21.2639999999999,30.8800000000001,-1.19999999999999,-28.05977575,389.8943205,131.4
"New Jersey",2017,1671.3504,1464.74,548.4,3547.8,18553.9519925,16508.2157855,42742,-10.6320000000001,45.3599999999999,50.4,627.518565499999,396.272726500001,87.6000000000004
"New Jersey",2018,1649.0232,1493.96,545.4,3657.3,19622.45129,17035.02949,42703,-22.3271999999999,29.22,-3,1068.4992975,526.8137045,109.5
"New Jersey",2019,1697.9304,1504.97,583.8,3976.41428571429,19403.484586,17556.5080065,43549,48.9071999999999,11.01,38.4,-218.966704000002,521.478516499999,319.11428571429
"New Jersey",2020,1710.6888,1442.96,595.2,4242.86428571429,19361.201016,18287.783862,42259,12.7583999999999,-62.01,11.4000000000001,-42.2835699999996,731.2758555,266.45
"New Jersey",2021,1745.7744,1475.97,615.6,4447.78571428571,21404.45847075,20299.7735745,46861,35.0856000000001,33.01,20.4,2043.25745475,2011.9897125,204.92142857142
"New Jersey",2022,1791.492,1522.89,751.8,4912.9,28930.517204,23264.9847125,47792,45.7175999999999,46.9200000000001,136.2,7526.05873325,2965.211138,465.11428571429
"New Mexico",2016,1284.3456,984.18,483,3131.7,12241.12970205,11712.9693346333,35436,-70.1712,28.0999999999999,-34.8,-11483.41123795,1228.5463068833,76.6499999999996
"New Mexico",2017,1383.2232,1050.73,553.2,3142.65,13106.318684975,12391.9716546,35365,98.8775999999998,66.5500000000001,70.2,865.188982924999,679.002319966699,10.9500000000003
"New Mexico",2018,1368.3384,1102.29,473.4,3186.45,14168.4183818,12974.2248771,37805,-14.8847999999998,51.5599999999999,-79.8000000000001,1062.099696825,582.2532225,43.7999999999997
"New Mexico",2019,1353.4536,1122.73,384,3458.54090909091,14172.62579785,13762.1435790333,37156,-14.8848,20.4400000000001,-89.4,4.20741604999967,787.9187019333,272.09090909091
"New Mexico",2020,1401.2976,1088.32,422.4,3569.36818181818,14064.0729839,14413.1696685333,36528,47.8440000000001,-34.4100000000001,38.4,-108.55281395,651.026089500001,110.82727272727
"New Mexico",2021,1453.3944,1072.62,586.2,3936.69090909091,15432.560992975,16035.4800603333,40991,52.0967999999998,-15.7,163.8,1368.488009075,1622.3103918,367.32272727273
"New Mexico",2022,1506.5544,1148.99,750.6,4337.52727272727,21631.54933285,16595.2013030967,41481,53.1600000000001,76.3700000000001,164.4,6198.988339875,559.721242763399,400.836363636361
"New York",2016,1873.3584,1430.44,650.4,3383.55,12779.1032699,14667.4929474381,40649,-116.952,62.2,-21.6,-41.2239252250001,-303.1538661219,32.8500000000004
"New York",2017,1930.7712,1485.58,722.4,3438.3,14113.113814475,15105.4393234429,41673,57.4127999999998,55.1399999999999,72,1334.010544575,437.9463760048,54.75
"New York",2018,1984.9944,1559.27,742.2,3536.85,14646.46981965,14755.2279841625,42862,54.2232000000001,73.6900000000001,19.8000000000001,533.356005174999,-350.2113392804,98.5499999999997
"New York",2019,1913.76,1577.48,756.6,3676.72741935484,14450.8226308917,15517.0223776444,43935,-71.2344000000001,18.21,14.4,-195.647188758299,761.7943934819,139.87741935484
"New York",2020,1945.656,1551.47,768,3944.29596774194,14310.0720138667,15958.2741358083,41561,31.896,-26.01,11.4,-140.750617025,441.2517581639,267.5685483871
"New York",2021,2061.5448,1624.24,826.8,4242.4185483871,15619.2625692917,17245.5900690689,44956,115.8888,72.77,58.8,1309.190555425,1287.3159332606,298.12258064516
"New York",2022,2316.7128,1676.31,980.4,4689.07258064516,20539.2109104,18903.6118556711,47396,255.168,52.0699999999999,153.6,4919.9483411083,1658.0217866022,446.65403225806
"North Carolina",2016,1193.9736,794.5,678.6,3153.6,10301.1919675942,11686.6650891667,38020,-11.6951999999999,33.26,-15.6,140.866454814201,312.8319575608,43.7999999999997
"North Carolina",2017,1191.8472,838.61,797.4,3142.65,10983.2184383375,12129.6776906583,39096,-2.1264000000001,44.11,118.8,682.0264707433,443.0126014916,-10.9499999999998
"North Carolina",2018,1203.5424,876.74,726.6,3197.4,12138.7210201875,12676.03711415,39841,11.6952000000001,38.13,-70.8,1155.50258185,546.3594234917,54.75
"North Carolina",2019,1236.5016,888.86,772.8,3363.7305,12067.4500834812,13365.59852705,41126,32.9592,12.12,46.1999999999999,-71.2709367062998,689.561412900001,166.3305
"North Carolina",2020,1232.2488,901.25,793.8,3518.7825,11837.0208302,13987.66545035,40869,-4.25279999999998,12.39,21,-230.429253281201,622.066923299999,155.052
"North Carolina",2021,1223.7432,926.86,847.2,3898.3095,13262.7264820375,15378.0566479438,43451,-8.50560000000019,25.61,53.4000000000001,1425.7056518375,1390.3911975938,379.527
"North Carolina",2022,1285.4088,990.34,1032,4352.187,19016.2164664875,17308.354107451,44358,61.6656,63.48,184.8,5753.48998445,1930.2974595072,453.8775
"North Dakota",2016,1104.6648,783.54,432.6,3350.7,15080.0051813333,10390.74445845,47809,51.0336,-0.25,-56.4,-148.1089823334,0.00045845000022382,131.4
"North Dakota",2017,1130.1816,808.9,458.4,3361.65,15448.1047263333,10690.43502995,48559,25.5167999999999,25.36,25.8,368.099545000001,299.690571499999,10.9500000000003
"North Dakota",2018,1117.4232,845.81,432,3405.45,16295.8916526667,11093.74068435,47815,-12.7583999999999,36.91,-26.4,847.7869263334,403.305654399999,43.7999999999997
"North Dakota",2019,1126.992,861.32,420,3675.89433962264,15399.507946,11323.8377762,47512,9.56880000000001,15.5100000000001,-12,-896.3837066667,230.097091850001,270.44433962264
"North Dakota",2020,1131.2448,843.17,409.2,3588.70754716981,14723.1486726,11455.8223671167,46887,4.25279999999998,-18.1500000000001,-10.8,-676.359273399999,131.9845909167,-87.1867924528301
"North Dakota",2021,1173.7728,824.85,546.6,3992.82452830189,15421.9643366667,10960.471869175,49817,42.528,-18.3199999999999,137.4,698.8156640667,-495.350497941699,404.11698113208
"North Dakota",2022,1183.3416,871.02,654,4453.9641509434,19844.8090926667,11413.84247782,51586,9.56880000000001,46.17,107.4,4422.844756,453.370608645,461.13962264151
"Ohio",2016,1307.736,826.84,541.8,3022.2,8024.77919461429,9370.69697694107,40555,-35.0855999999999,31.6600000000001,-28.8000000000001,177.55801339286,225.34354319643,43.7999999999997
"Ohio",2017,1318.368,864.64,583.2,3022.2,8522.51767870714,9605.06589612222,41509,10.6319999999998,37.8,41.4000000000001,497.73848409285,234.36891918115,0
"Ohio",2018,1316.2416,888.16,546,3055.05,9308.81722936429,9858.88108843,41524,-2.12639999999988,23.52,-37.2,786.29955065715,253.81519230778,32.8500000000004
"Ohio",2019,1301.3568,890.41,574.8,3184.33465909091,9305.96604127143,10198.66825143,41853,-14.8848,2.25,28.8,-2.85118809285996,339.787162999999,129.28465909091
"Ohio",2020,1286.472,866.17,571.8,3349.58011363636,9247.16956170714,10654.92046407,41335,-14.8848,-24.24,-3,-58.7964795642893,456.252212640002,165.24545454545
"Ohio",2021,1358.7696,852.02,664.8,3783.97159090909,10138.2977256643,11501.38169656,44189,72.2976000000001,-14.15,93,891.128163957161,846.461232489999,434.39147727273
"Ohio",2022,1482.1008,909.45,784.2,4222.96704545455,13175.9034327857,12206.398498829,45283,123.3312,57.4300000000001,119.4,3037.6057071214,705.016802269,438.99545454546
"Oklahoma",2016,1083.4008,1042.89,634.2,3153.6,201518.509874575,10297.2933732333,35889,11.6951999999999,32.7500000000001,19.8000000000001,192907.648605075,84.2835760666003,65.6999999999998
"Oklahoma",2017,1122.7392,1100.9,684,3142.65,9126.359916625,10423.3888398,36545,39.3384000000001,58.01,49.8,-192392.14995795,126.0954665667,-10.9499999999998
"Oklahoma",2018,1102.5384,1127.04,555,3164.55,9575.435072525,10646.2016538,37841,-20.2008000000001,26.1399999999999,-129,449.0751559,222.812814000001,21.9000000000001
"Oklahoma",2019,1089.78,1117.75,564,3337.04805194805,9454.915147425,10938.6296034667,38025,-12.7583999999999,-9.28999999999996,9,-120.519925100001,292.427949666699,172.49805194805
"Oklahoma",2020,1071.7056,1087.42,546.6,3465.03506493506,9285.55765095,11389.9918428,37118,-18.0744,-30.3299999999999,-17.4,-169.357496474999,451.362239333301,127.98701298701
"Oklahoma",2021,1322.6208,1094.21,618.6,3854.68441558442,9960.940535,12467.434176325,39846,250.9152,6.78999999999996,72,675.382884049999,1077.442333525,389.64935064936
"Oklahoma",2022,1352.3904,1172.21,886.8,4317.57077922078,13166.04770335,13296.8078692474,41080,29.7696000000001,78,268.2,3205.10716835,829.3736929224,462.88636363636
"Oregon",2016,1129.1184,964.88,700.2,3208.35,16827.846782125,14061.372006,38675,-7.44239999999991,58.29,-49.1999999999999,1028.4112655625,1352.04105382,21.9000000000001
"Oregon",2017,1140.8136,1043.93,635.4,3252.15,18892.23623675,14951.5922321667,39112,11.6951999999999,79.0500000000001,-64.8000000000001,2064.389454625,890.220226166701,43.8000000000002
"Oregon",2018,1164.204,1077.2,639,3427.35,21185.11028,15638.318319,38945,23.3904,33.27,3.60000000000002,2292.87404325,686.7260868333,175.2
"Oregon",2019,1169.52,1077.93,598.2,3746.11666666667,20955.229241125,16378.6996138333,39864,5.31600000000003,0.730000000000018,-40.8,-229.881038875003,740.3812948333,318.76666666667
"Oregon",2020,1183.3416,1030.37,654.6,3948.99583333333,20612.500976,17109.8036878333,39083,13.8216,-47.5600000000002,56.4,-342.728265124999,731.104074000001,202.87916666666
"Oregon",2021,1206.732,1024.86,705.6,4390.0375,23387.055763,18573.7951562857,42443,23.3904,-5.50999999999999,51,2774.554787,1463.9914684524,441.04166666667
"Oregon",2022,1209.9216,1088.03,769.8,4733.1375,32443.48009325,20142.0077956944,42431,3.18959999999993,63.1700000000001,64.1999999999999,9056.42433025,1568.2126394087,343.099999999999
"Pennsylvania",2016,1493.796,1014.42,610.8,3295.95,10401.3749598111,10827.7262789982,42649,72.2976000000001,39.89,-51.6,-509.4453406833,101.3142026149,87.5999999999999
"Pennsylvania",2017,1524.6288,1065.44,684,3328.8,11438.1946200944,11065.9091328909,42725,30.8327999999999,51.0200000000001,73.2,1036.8196602833,238.1828538927,32.8500000000004
"Pennsylvania",2018,1485.2904,1103.41,675,3405.45,12828.5892778556,11190.2906853583,44275,-39.3383999999999,37.97,-9,1390.3946577612,124.381552467401,76.6499999999996
"Pennsylvania",2019,1460.8368,1106.29,702,3510.70074626866,12448.4845091444,11803.8527012276,44911,-24.4536000000001,2.87999999999988,27,-380.1047687112,613.5620158693,105.25074626866
"Pennsylvania",2020,1447.0152,1080.55,688.8,3719.56791044776,12413.9279460611,12388.0232006538,43247,-13.8216,-25.74,-13.2,-34.5565630833007,584.1704994262,208.8671641791
"Pennsylvania",2021,1455.5208,1069.27,720.6,4038.42537313433,13733.2070995,13402.48143102,46842,8.50559999999996,-11.28,31.8000000000001,1319.2791534389,1014.4582303662,318.85746268657
"Pennsylvania",2022,1672.4136,1119.98,896.4,4480.02089552239,17967.7437129556,14569.4035292896,48514,216.8928,50.71,175.8,4234.5366134556,1166.9220982696,441.59552238806
"Rhode Island",2016,1986.0576,1393.27,828,3416.4,17703.103625,13650.636652,39827,-65.9184,68.6500000000001,-26.4,198.713649000001,674.611148,87.5999999999999
"Rhode Island",2017,1929.708,1467.02,841.2,3536.85,19181.02338,14334.485749,40045,-56.3496,73.75,13.2,1477.919755,683.849097,120.45
"Rhode Island",2018,2154.0432,1517.02,939,3701.1,21017.27191,15171.46891,40892,224.3352,50,97.8,1836.24853,836.983161,164.25
"Rhode Island",2019,2310.3336,1550.7,921.6,4329.63,20771.913637,15969.182492,41250,156.2904,33.6800000000001,-17.4,-245.358272999998,797.713582,628.53
"Rhode Island",2020,2319.9024,1549.19,903.6,4570.53,20490.041107,16845.346009,40597,9.56880000000001,-1.50999999999999,-18,-281.872530000001,876.163517000001,240.9
"Rhode Island",2021,2340.1032,1583.84,970.8,4769.82,22882.352924,18714.163205,43946,20.2008000000001,34.6499999999999,67.1999999999999,2392.311817,1868.817196,199.29
"Rhode Island",2022,2379.4416,1573.84,1090.2,5181.54,30598.253462,20915.072882,43425,39.3384000000001,-10,119.4,7715.900538,2200.909677,411.72
"South Carolina",2016,1326.8736,1048.45,757.2,3131.7,10421.6382846375,12179.6524085,38003,4.25279999999998,63.8000000000001,0,287.5129102625,83.8499637066998,32.8499999999999
"South Carolina",2017,1366.212,1145.15,868.2,3066,11177.5116806875,12730.5753475143,38775,39.3384000000001,96.7,111,755.873396049999,550.922939014299,-65.6999999999998
"South Carolina",2018,1324.7472,1230.72,807.6,3142.65,12250.5807995,13312.4326955286,39499,-41.4648,85.5699999999999,-60.6,1073.0691188125,581.8573480143,76.6500000000001
"South Carolina",2019,1346.0112,1248.82,784.2,3297.37826086957,12167.0318831375,13760.8487595036,40536,21.2639999999999,18.0999999999999,-23.4,-83.5489163624989,448.416063975001,154.72826086957
"South Carolina",2020,1342.8216,1246.61,809.4,3455.43913043478,11868.7711429875,14293.7404926125,40184,-3.18959999999993,-2.21000000000004,25.1999999999999,-298.260740150001,532.8917331089,158.06086956521
"South Carolina",2021,1394.9184,1266.32,857.4,3733.71195652174,13145.9239626375,15757.163076625,42225,52.0968,19.71,48,1277.15281965,1463.4225840125,278.27282608696
"South Carolina",2022,1496.9856,1332.17,940.2,4169.56956521739,18955.1419317,17921.1248194722,43216,102.0672,65.8500000000001,82.8000000000001,5809.2179690625,2163.9617428472,435.85760869565
"South Dakota",2016,1222.68,810.47,456,3295.95,13043.9115825,9554.1381375,43737,51.0336,34.09,-42,359.007071850001,0.000137499999254942,76.6499999999996
"South Dakota",2017,1249.26,872.4,490.8,3306.9,13953.936386,9960.6979256,44433,26.5799999999999,61.9299999999999,34.8,910.024803499999,406.559788099999,10.9500000000003
"South Dakota",2018,1246.0704,906.65,459.6,3295.95,15147.7656595,10458.75170315,43353,-3.18959999999993,34.25,-31.2,1193.8292735,498.05377755,-10.9500000000003
"South Dakota",2019,1241.8176,932.68,437.4,3582.64090909091,15135.65054,10622.90601765,43526,-4.25279999999998,26.03,-22.2,-12.1151195000002,164.154314500001,286.69090909091
"South Dakota",2020,1258.8288,924.17,426.6,3699.275,15044.3624725,10962.57927485,43270,17.0111999999999,-8.50999999999999,-10.8,-91.2880674999997,339.6732572,116.63409090909
"South Dakota",2021,1314.1152,958.88,585,4143.74545454545,16306.010136,12005.6614986,47012,55.2864,34.71,158.4,1261.6476635,1043.08222375,444.47045454545
"South Dakota",2022,1306.6728,1023.21,659.4,4557.68863636364,23204.435426,13692.7753288333,48706,-7.44239999999991,64.33,74.4,6898.42529,1687.1138302333,413.94318181819
"Tennessee",2016,1090.8432,907.93,552.6,3285,9250.9452728,11376.3144990567,37209,3.18959999999993,26.9499999999999,-24.6,279.45531637,186.544021276699,65.6999999999998
"Tennessee",2017,1131.2448,957.28,618.6,3241.2,10017.99448364,11680.0196365167,38256,40.4015999999999,49.35,66,767.049210840001,303.70513746,-43.8000000000002
"Tennessee",2018,1130.1816,998.03,567.6,3317.85,10941.67808192,12139.8295944,40185,-1.06320000000005,40.75,-51,923.683598279998,459.809957883301,76.6500000000001
"Tennessee",2019,1148.256,1004.15,567.6,3451.3247368421,10893.30354424,12717.7342876333,40278,18.0744000000002,6.12,0,-48.3745376799998,577.9046932333,133.4747368421
"Tennessee",2020,1146.1296,987.96,538.2,3570.96789473684,10905.5361737,13358.3709490286,39921,-2.1264000000001,-16.1899999999999,-29.4,12.2326294600007,640.6366613953,119.64315789474
"Tennessee",2021,1175.8992,1001.12,617.4,3900.27473684211,12111.02161724,14635.2243606463,43449,29.7696000000001,13.16,79.1999999999999,1205.48544354,1276.8534116177,329.30684210527
"Tennessee",2022,1311.9888,1061.15,747,4377.69473684211,17477.17463511,15903.1700877561,43867,136.0896,60.0300000000001,129.6,5366.15301787,1267.9457271098,477.42
"Texas",2016,1172.7096,1194.3,703.8,2923.65,11237.4498717398,12076.6090150366,38150,-69.1080000000002,84.6399999999999,65.4,345.2284240918,273.724056789,87.5999999999999
"Texas",2017,1187.5944,1295.93,816.6,2967.45,12001.1561905923,12378.8371027561,39098,14.8848,101.63,112.8,763.706318852501,302.228087719501,43.7999999999997
"Texas",2018,1209.9216,1372.52,685.2,2890.8,13041.1591058385,13030.7127815609,39554,22.3271999999999,76.5899999999999,-131.4,1040.0029152462,651.875678804799,-76.6499999999996
"Texas",2019,1256.7024,1370.28,636.6,3153.29822834646,17105.9483272808,13502.0056217072,39775,46.7808,-2.24000000000001,-48.6,4064.7892214423,471.2928401463,262.49822834646
"Texas",2020,1268.3976,1302.63,698.4,3209.08287401575,12585.9386950962,13684.247226175,38959,11.6952000000001,-67.6499999999999,61.8,-4520.0096321846,182.241604467801,55.7846456692901
"Texas",2021,1274.7768,1343.03,826.2,3555.94783464567,13757.5847572462,14588.9550366652,42545,6.37920000000008,40.3999999999999,127.8,1171.64606215,904.707810490199,346.86496062992
"Texas",2022,1420.4352,1470.12,991.2,3908.97755905512,18450.6388527538,15840.1834322979,43897,145.6584,127.09,165,4693.0540955076,1251.2283956327,353.02972440945
"Utah",2016,1185.468,916.7,547.2,3087.9,14540.087492,12706.896210975,34595,10.6320000000001,36.85,-36,835.307209440001,734.317116474998,32.8499999999999
"Utah",2017,1185.468,984.12,543,3076.95,16235.5077196,13528.465417225,34864,0,67.42,-4.20000000000005,1695.4202276,821.56920625,-10.9500000000003
"Utah",2018,1132.308,1038.39,542.4,3186.45,18585.7760758,14341.8922655,37035,-53.1600000000001,54.2700000000001,-0.600000000000023,2350.2683562,813.426848275001,109.5
"Utah",2019,1128.0552,1051.23,469.2,3512.68448275862,18956.0856468,16887.4099562,37497,-4.25279999999998,12.8399999999999,-73.2,370.309570999998,2545.5176907,326.23448275862
"Utah",2020,1134.4344,1028.38,489,3490.02931034483,18979.2206996,17930.2482468,38302,6.37920000000008,-22.8499999999999,19.8,23.1350528000003,1042.8382906,-22.6551724137903
"Utah",2021,1121.676,1047.21,539.4,3922.36551724138,22657.3036912,20664.2170556,42593,-12.7584000000002,18.8299999999999,50.4,3678.0829916,2733.9688088,432.33620689655
"Utah",2022,1169.52,1128.96,628.8,4387.92931034483,33449.06281,21588.1512630238,44222,47.8440000000001,81.75,89.4,10791.7591188,923.934207423801,465.56379310345
"Vermont",2016,1838.2728,817.85,849,3712.05,18280.74718,15424.4929968,45167,28.7064,33.51,-24.6,-52.6998950000016,-3.20000071951654e-06,0
"Vermont",2017,1878.6744,842.36,847.2,3701.1,21052.374669,16209.892438,44711,40.4016000000001,24.51,-1.79999999999995,2771.627489,785.399441200001,-10.9500000000003
"Vermont",2018,1908.444,856.26,819,3832.5,22841.214355,16778.407534,46196,29.7695999999999,13.9,-28.2,1788.839686,568.515096000001,131.4
"Vermont",2019,1838.2728,859.35,788.4,4304.91428571429,21237.265535,17186.074282,46773,-70.1712,3.09000000000003,-30.6,-1603.94882,407.666748,472.41428571429
"Vermont",2020,2073.24,852.57,792.6,4430.05714285714,21091.64426,17708.641225,44244,234.9672,-6.77999999999997,4.20000000000005,-145.621274999998,522.566942999998,125.142857142851
"Vermont",2021,2036.028,846.08,840.6,4639.67142857143,23400.659177,18972.229059,47838,-37.2119999999998,-6.49000000000001,48,2309.014917,1263.587834,209.61428571429
"Vermont",2022,2138.0952,854.05,930.6,5029.17857142857,31768.316081,21242.648087,47477,102.0672,7.96999999999991,90,8367.656904,2270.419028,389.50714285714
"Virginia",2016,1222.68,883,652.8,3361.65,12131.0152740889,12233.7685217857,39748,11.6952000000001,33.49,-45.6,192.997889766701,358.087093657099,43.8000000000002
"Virginia",2017,1249.26,920.4,740.4,3317.85,12809.5861257333,12690.0259791143,40576,26.5799999999999,37.4,87.6,678.570851644399,456.2574573286,-43.8000000000002
"Virginia",2018,1263.0816,958.17,702.6,3394.5,14166.0041835444,12924.1156593903,40960,13.8216,37.77,-37.8,1356.4180578111,234.089680276,76.6500000000001
"Virginia",2019,1280.0928,966.99,757.2,3557.43270676692,13921.6633836111,13419.4413970889,42204,17.0111999999999,8.82000000000005,54.6,-244.340799933301,495.3257376986,162.93270676692
"Virginia",2020,1302.42,944.7,763.2,3688.58571428571,13671.3365140889,14093.2140878028,40662,22.3272000000002,-22.29,6,-250.3268695222,673.7726907139,131.15300751879
"Virginia",2021,1296.0408,960.51,820.8,4020.70827067669,14910.4995432444,15383.8366084556,43267,-6.37920000000008,15.8099999999999,57.5999999999999,1239.1630291555,1290.6225206528,332.12255639098
"Virginia",2022,1423.6248,1055.3,966,4498.96804511278,20385.5505936667,17121.2502295556,44274,127.584,94.79,145.2,5475.0510504223,1737.4136211,478.25977443609
"Washington",2016,998.3448,1016.31,646.8,3295.95,15821.4884509364,13173.98699235,40419,48.9072,46.5,-61.8000000000001,978.161089654601,636.017851192899,32.8499999999999
"Washington",2017,1019.6088,1077.65,637.2,3328.8,17885.6385019455,14201.8546349875,40699,21.264,61.3400000000001,-9.59999999999991,2064.1500510091,1027.8676426375,32.8500000000004
"Washington",2018,1029.1776,1120.23,616.8,3525.9,20434.3266498182,15160.7827125819,41913,9.56880000000001,42.5799999999999,-20.4000000000001,2548.6881478727,958.928077594401,197.1
"Washington",2019,1024.9248,1154.97,589.2,3755.56923076923,20614.8301583636,16035.9487166444,42307,-4.25279999999998,34.74,-27.5999999999999,180.5035085454,875.166004062499,229.66923076923
"Washington",2020,1035.5568,1115.8,658.2,4040.83076923077,20900.3445457273,16867.3254541111,40951,10.6320000000001,-39.1700000000001,69,285.514387363703,831.376737466699,285.26153846154
"Washington",2021,1072.7688,1110,697.8,4302.22692307692,23839.4320022727,18641.7498652556,44185,37.212,-5.79999999999995,39.5999999999999,2939.0874565454,1774.4244111445,261.39615384615
"Washington",2022,1089.78,1125.17,769.8,4721.13461538462,33331.8509296364,19287.5979544634,44700,17.0111999999999,15.1700000000001,72,9492.4189273637,645.848089207801,418.9076923077
"West Virginia",2016,1188.6576,1054.76,555.6,3033.15,6988.14717045,10361.4194773,38862,125.4576,15.01,-73.1999999999999,34.8560766499995,0.000477300000056857,98.5500000000002
"West Virginia",2017,1240.7544,1072.14,565.8,2967.45,7243.770676075,9687.926446,39454,52.0968,17.3800000000001,10.1999999999999,255.623505625,-673.4930313,-65.7000000000003
"West Virginia",2018,1208.8584,1096.83,590.4,2956.5,7733.348891575,9929.37334155,40227,-31.896,24.6899999999998,24.6,489.578215500001,241.44689555,-10.9499999999998
"West Virginia",2019,1187.5944,1096.1,594,3221.09181818182,7535.961913575,9985.04400275,41131,-21.2640000000001,-0.730000000000018,3.60000000000002,-197.386978,55.6706612000016,264.59181818182
"West Virginia",2020,1254.576,1064.14,606.6,3308.89090909091,7243.858912025,10274.65070425,40984,66.9816000000001,-31.9599999999998,12.6,-292.10300155,289.606701499999,87.79909090909
"West Virginia",2021,1289.6616,1064.15,627.6,3657.69818181818,7807.2854187,10719.5066245833,41776,35.0855999999999,0.00999999999999091,21,563.426506675,444.855920333301,348.80727272727
"West Virginia",2022,1409.8032,1098.61,724.8,4083.55363636364,10140.01895125,11372.6469165333,43448,120.1416,34.4599999999998,97.1999999999999,2332.73353255,653.14029195,425.85545454546
"Wisconsin",2016,1537.3872,774.69,484.2,3055.05,11902.7952533583,12421.9278362833,41006,0,33.0700000000001,-28.2,435.926883766599,147.319153833299,87.6000000000004
"Wisconsin",2017,1568.22,804.81,504,3033.15,12688.9538822917,11451.2601877,41749,30.8328000000001,30.1199999999999,19.8,786.158628933401,-970.6676485833,-21.9000000000001
"Wisconsin",2018,1541.64,830.19,482.4,3109.8,13892.274176,11699.3989913667,42170,-26.5799999999999,25.3800000000001,-21.6,1203.3202937083,248.138803666699,76.6500000000001
"Wisconsin",2019,1561.8408,840.82,460.8,3384.31041666667,13959.5417623667,11767.28925605,42443,20.2007999999998,10.63,-21.6,67.2675863666991,67.8902646833012,274.51041666667
"Wisconsin",2020,1573.536,816.23,451.2,3534.41666666667,13875.1386504833,12295.72488845,41763,11.6952000000001,-24.59,-9.60000000000002,-84.4031118833991,528.4356324,150.10625
"Wisconsin",2021,1550.1456,823.92,584.4,3975.45833333333,14822.3656215333,12478.6228600329,44942,-23.3904,7.68999999999994,133.2,947.226971049999,182.897971582899,441.04166666666
"Wisconsin",2022,1661.7816,876.14,680.4,4484.78541666667,19340.3107334167,12555.5313711445,46531,111.636,52.22,96,4517.9451118834,76.9085111116001,509.32708333334
"Wyoming",2016,1193.9736,895.15,510.6,3350.7,13860.684278,11548.23799955,42105,22.3271999999999,28.3,-49.1999999999999,42.7300350000005,278.506753849999,54.75
"Wyoming",2017,1219.4904,935.76,540.6,3339.75,14393.968804,11352.26909735,42673,25.5167999999999,40.61,30,533.284525999999,-195.9689022,-10.9499999999998
"Wyoming",2018,1218.4272,971.07,516,3416.4,15400.0697005,11546.0477727,45513,-1.06319999999982,35.3100000000001,-24.6,1006.1008965,193.77867535,76.6500000000001
"Wyoming",2019,1202.4792,985.35,483.6,3653.49130434783,15370.7838505,12103.1340189,45078,-15.9480000000001,14.28,-32.4,-29.2858500000002,557.0862462,237.09130434783
"Wyoming",2020,1197.1632,977.46,530.4,3758.23043478261,15365.209424,11915.5051692667,46214,-5.31600000000003,-7.88999999999999,46.8,-5.57442649999939,-187.6288496333,104.73913043478
"Wyoming",2021,1201.416,998.47,602.4,4157.19130434783,16103.790253,12048.743336725,49425,4.25279999999998,21.01,72,738.580828999999,133.238167458299,398.96086956522
"Wyoming",2022,1191.8472,1057.15,804,4593.28695652174,21325.617422,13047.988603275,50560,-9.56880000000001,58.6800000000001,201.6,5221.827169,999.24526655,436.09565217391
