"State","Year","electricity","auto","ng","food","house_own","house_rent","rPCE"
"Connecticut",2015,2238.036,1177.94,750,3416.4,19640.286862,13926.51551204,44599
"Connecticut",2016,2140.2216,1213.52,774.6,3493.05,19566.3153545,14255.73326848,45033
"Connecticut",2017,2163.612,1276.02,837,3580.65,20407.575513,14651.45630282,45797
"Connecticut",2018,2259.3,1326.63,835.2,3701.1,21675.4627285,15109.87824876,47924
"Connecticut",2019,2349.672,1349.73,876.6,3996.75,20933.4284735,15608.19614352,48114
"Connecticut",2020,2419.8432,1326.79,880.8,4277.34375,20231.9507415,16483.14714694,46882
"Connecticut",2021,2341.1664,1338.61,963.6,4560.675,22085.92332075,18171.1158542,50898
"Connecticut",2022,2642.052,1374.02,1101.6,4994.41666666667,28807.688278,20087.5859098,49646
"Maine",2015,1660.7184,716.23,1007.4,3624.45,12194.2665946333,14655.714188,42446
"Maine",2016,1676.6664,744.19,829.2,3777.75,12432.5353334333,13344.48371125,43279
"Maine",2017,1704.3096,764.94,876.6,3832.5,13484.5117326333,12683.4791595333,44301
"Maine",2018,1710.6888,784.17,979.2,3952.95,14822.5605541667,12841.6500982,45394
"Maine",2019,1904.1912,788.94,963,4281.45,14652.5434940333,13472.4023832667,46849
"Maine",2020,1790.4288,789.47,892.8,4275.975,14584.8327994,14328.8271582667,45125
"Maine",2021,1789.3656,795.3,992.4,4465.546875,16420.7395041333,15992.4413657667,48898
"Maine",2022,2397.516,834.78,1243.8,4864.5375,22771.295048,17713.4662421667,48216
"Massachusetts",2015,2120.0208,1129.29,781.2,3558.75,18478.843692,17297.5279315,46728
"Massachusetts",2016,2034.9648,1170.49,747.6,3701.1,18947.4106856,17857.5806986667,46133
"Massachusetts",2017,2118.9576,1215.18,799.2,3887.25,20386.3286144,18555.6962383333,47535
"Massachusetts",2018,2292.2592,1246.08,928.2,3974.85,22411.4700766,19362.5142756667,48292
"Massachusetts",2019,2342.2296,1261.84,883.2,4307.26071428571,21976.4178978,20235.95542025,49132
"Massachusetts",2020,2347.5456,1248.44,882.6,4600.56428571429,21471.8130812,20954.454448,46224
"Massachusetts",2021,2421.9696,1235.35,961.2,4869.62142857143,23856.1846482,21611.1139153833,51218
"Massachusetts",2022,2712.2232,1251.16,1227,5342.03571428571,32466.437174,23812.28405405,51146
"New Hampshire",2015,1977.552,813.56,970.8,3460.2,17690.194274,13441.57134,45415
"New Hampshire",2016,1950.972,839.8,855,3558.75,18189.86409,13013.377315,45361
"New Hampshire",2017,2033.9016,861.19,873,3624.45,19554.576706,13140.8185887,46405
"New Hampshire",2018,2082.8088,883.56,921,3723,21409.277239,13857.2774208,47865
"New Hampshire",2019,2137.032,899.12,945,4081.065,21233.642849,14604.7113085,48195
"New Hampshire",2020,2028.5856,879.28,879.6,4193.85,21077.300762,15590.1459895,46649
"New Hampshire",2021,2085.9984,880.63,978.6,4349.34,23394.90426,17200.112297,50748
"New Hampshire",2022,2605.9032,915.15,1230.6,4772.01,31486.877401,18591.5353510833,49732
"Rhode Island",2015,2051.976,1324.62,854.4,3328.8,17504.389976,12976.025504,39258
"Rhode Island",2016,1986.0576,1393.27,828,3416.4,17703.103625,13650.636652,39827
"Rhode Island",2017,1929.708,1467.02,841.2,3536.85,19181.02338,14334.485749,40045
"Rhode Island",2018,2154.0432,1517.02,939,3701.1,21017.27191,15171.46891,40892
"Rhode Island",2019,2310.3336,1550.7,921.6,4329.63,20771.913637,15969.182492,41250
"Rhode Island",2020,2319.9024,1549.19,903.6,4570.53,20490.041107,16845.346009,40597
"Rhode Island",2021,2340.1032,1583.84,970.8,4769.82,22882.352924,18714.163205,43946
"Rhode Island",2022,2379.4416,1573.84,1090.2,5181.54,30598.253462,20915.072882,43425
"Vermont",2015,1809.5664,784.34,873.6,3712.05,18333.447075,15424.493,44363
"Vermont",2016,1838.2728,817.85,849,3712.05,18280.74718,15424.4929968,45167
"Vermont",2017,1878.6744,842.36,847.2,3701.1,21052.374669,16209.892438,44711
"Vermont",2018,1908.444,856.26,819,3832.5,22841.214355,16778.407534,46196
"Vermont",2019,1838.2728,859.35,788.4,4304.91428571429,21237.265535,17186.074282,46773
"Vermont",2020,2073.24,852.57,792.6,4430.05714285714,21091.64426,17708.641225,44244
"Vermont",2021,2036.028,846.08,840.6,4639.67142857143,23400.659177,18972.229059,47838
"Vermont",2022,2138.0952,854.05,930.6,5029.17857142857,31768.316081,21242.648087,47477
"New Jersey",2015,1703.2464,1388.5,499.2,3328.8,17954.49320275,15722.0487385,41982
"New Jersey",2016,1681.9824,1419.38,498,3460.2,17926.433427,16111.943059,42517
"New Jersey",2017,1671.3504,1464.74,548.4,3547.8,18553.9519925,16508.2157855,42742
"New Jersey",2018,1649.0232,1493.96,545.4,3657.3,19622.45129,17035.02949,42703
"New Jersey",2019,1697.9304,1504.97,583.8,3976.41428571429,19403.484586,17556.5080065,43549
"New Jersey",2020,1710.6888,1442.96,595.2,4242.86428571429,19361.201016,18287.783862,42259
"New Jersey",2021,1745.7744,1475.97,615.6,4447.78571428571,21404.45847075,20299.7735745,46861
"New Jersey",2022,1791.492,1522.89,751.8,4912.9,28930.517204,23264.9847125,47792
"New York",2015,1990.3104,1368.24,672,3350.7,12820.327195125,14970.64681356,40067
"New York",2016,1873.3584,1430.44,650.4,3383.55,12779.1032699,14667.4929474381,40649
"New York",2017,1930.7712,1485.58,722.4,3438.3,14113.113814475,15105.4393234429,41673
"New York",2018,1984.9944,1559.27,742.2,3536.85,14646.46981965,14755.2279841625,42862
"New York",2019,1913.76,1577.48,756.6,3676.72741935484,14450.8226308917,15517.0223776444,43935
"New York",2020,1945.656,1551.47,768,3944.29596774194,14310.0720138667,15958.2741358083,41561
"New York",2021,2061.5448,1624.24,826.8,4242.4185483871,15619.2625692917,17245.5900690689,44956
"New York",2022,2316.7128,1676.31,980.4,4689.07258064516,20539.2109104,18903.6118556711,47396
"Pennsylvania",2015,1421.4984,974.53,662.4,3208.35,10910.8203004944,10726.4120763833,42056
"Pennsylvania",2016,1493.796,1014.42,610.8,3295.95,10401.3749598111,10827.7262789982,42649
"Pennsylvania",2017,1524.6288,1065.44,684,3328.8,11438.1946200944,11065.9091328909,42725
"Pennsylvania",2018,1485.2904,1103.41,675,3405.45,12828.5892778556,11190.2906853583,44275
"Pennsylvania",2019,1460.8368,1106.29,702,3510.70074626866,12448.4845091444,11803.8527012276,44911
"Pennsylvania",2020,1447.0152,1080.55,688.8,3719.56791044776,12413.9279460611,12388.0232006538,43247
"Pennsylvania",2021,1455.5208,1069.27,720.6,4038.42537313433,13733.2070995,13402.48143102,46842
"Pennsylvania",2022,1672.4136,1119.98,896.4,4480.02089552239,17967.7437129556,14569.4035292896,48514
"Illinois",2015,1326.8736,888.96,478.2,2978.4,9694.65016102727,10687.719615195,40702
"Illinois",2016,1300.2936,930.12,472.8,3033.15,9826.91895490909,10537.3607446905,41253
"Illinois",2017,1344.948,976.73,529.8,3066,10238.4363921545,10382.31217105,41638
"Illinois",2018,1330.0632,997.42,489,3175.5,10862.2806177,10282.6762357625,42616
"Illinois",2019,1363.0224,1018.5,482.4,3187.41617647059,10613.6202170091,10601.430723225,43445
"Illinois",2020,1366.212,997.18,476.4,3376.35735294118,10314.5098599455,10921.0947463375,41863
"Illinois",2021,1394.9184,1001.22,630.6,3814.14264705882,10843.8859165727,11648.6741239611,44938
"Illinois",2022,1671.3504,1080.14,828,4270.82205882353,13733.9939890636,12471.21151014,46706
"Indiana",2015,1186.5312,758.94,535.2,2857.95,8556.64537045,9382.76036509333,37758
"Indiana",2016,1202.4792,797.38,475.2,2868.9,7793.358267625,9652.69092115,38534
"Indiana",2017,1275.84,840.43,536.4,2868.9,8419.09385921667,9630.98544155298,39799
"Indiana",2018,1275.84,868.44,523.2,2934.6,9346.19003409167,9837.25463080278,39723
"Indiana",2019,1313.052,878.16,520.8,3110.63315217391,9435.053007475,10336.3547946778,39925
"Indiana",2020,1326.8736,863.29,515.4,3231.08315217391,9352.01235809167,10778.8172212111,39850
"Indiana",2021,1421.4984,858.33,603,3596.12282608696,10319.0289900083,11369.8259615673,42449
"Indiana",2022,1574.5992,905.61,696,4043.76358695652,14141.730165425,12473.1058487845,44252
"Michigan",2015,1533.1344,1392.93,528.6,3022.2,8983.11306921333,10587.39245185,40304
"Michigan",2016,1625.6328,1430.48,492.6,3076.95,9317.89749194667,10667.4331231405,41381
"Michigan",2017,1650.0864,1494.03,502.8,3055.05,10149.6723036867,11022.0908936714,42555
"Michigan",2018,1662.8448,1575.49,491.4,3109.8,11085.0660025333,11315.5892049482,42526
"Michigan",2019,1684.1088,1622.75,484.8,3400.70060240964,11101.6225804533,11716.247262525,42645
"Michigan",2020,1740.4584,1535.56,495,3572.86626506024,11080.2926419067,12230.528068,41694
"Michigan",2021,1865.916,1419.7,552.6,3902.68554216867,12211.8243844667,12885.6068260417,45017
"Michigan",2022,1887.18,1428.65,678.6,4323.13915662651,16124.2085374867,14347.0154505397,45845
"Ohio",2015,1342.8216,795.18,570.6,2978.4,7847.22118122143,9145.35343374464,39984
"Ohio",2016,1307.736,826.84,541.8,3022.2,8024.77919461429,9370.69697694107,40555
"Ohio",2017,1318.368,864.64,583.2,3022.2,8522.51767870714,9605.06589612222,41509
"Ohio",2018,1316.2416,888.16,546,3055.05,9308.81722936429,9858.88108843,41524
"Ohio",2019,1301.3568,890.41,574.8,3184.33465909091,9305.96604127143,10198.66825143,41853
"Ohio",2020,1286.472,866.17,571.8,3349.58011363636,9247.16956170714,10654.92046407,41335
"Ohio",2021,1358.7696,852.02,664.8,3783.97159090909,10138.2977256643,11501.38169656,44189
"Ohio",2022,1482.1008,909.45,784.2,4222.96704545455,13175.9034327857,12206.398498829,45283
"Wisconsin",2015,1537.3872,741.62,512.4,2967.45,11466.8683695917,12274.60868245,40342
"Wisconsin",2016,1537.3872,774.69,484.2,3055.05,11902.7952533583,12421.9278362833,41006
"Wisconsin",2017,1568.22,804.81,504,3033.15,12688.9538822917,11451.2601877,41749
"Wisconsin",2018,1541.64,830.19,482.4,3109.8,13892.274176,11699.3989913667,42170
"Wisconsin",2019,1561.8408,840.82,460.8,3384.31041666667,13959.5417623667,11767.28925605,42443
"Wisconsin",2020,1573.536,816.23,451.2,3534.41666666667,13875.1386504833,12295.72488845,41763
"Wisconsin",2021,1550.1456,823.92,584.4,3975.45833333333,14822.3656215333,12478.6228600329,44942
"Wisconsin",2022,1661.7816,876.14,680.4,4484.78541666667,19340.3107334167,12555.5313711445,46531
"Iowa",2015,1281.156,709.95,510.6,2923.65,10999.7314729714,10500.8403470333,39683
"Iowa",2016,1325.8104,741.32,487.8,2978.4,11164.3763507857,10679.676991675,40477
"Iowa",2017,1358.7696,795.1,558,2956.5,11918.8603531286,10865.200663525,41216
"Iowa",2018,1370.4648,816.11,536.4,3055.05,12830.8303044429,10949.71980366,40349
"Iowa",2019,1394.9184,823.53,491.4,3322.38484848485,12783.4603798143,11150.04045952,40655
"Iowa",2020,1402.3608,822.17,466.8,3486.63484848485,12405.9727609571,11378.7122041,40023
"Iowa",2021,1372.5912,841.51,612,3924.52424242424,12929.4173695714,11831.70961223,43330
"Iowa",2022,1419.372,902.21,782.4,4319.38787878788,16838.5682574286,12358.7116713738,44632
"Kansas",2015,1305.6096,867.6,610.2,3109.8,10254.214114375,9243.69979633333,38553
"Kansas",2016,1383.2232,882.92,591,3164.55,10192.195164025,9375.35310443333,39362
"Kansas",2017,1416.1824,947.54,657,3131.7,11044.2265225,9476.410736995,40092
"Kansas",2018,1408.74,986.75,610.8,3186.45,12083.332408575,9454.9895249,40217
"Kansas",2019,1352.3904,999.76,554.4,3374.79,11963.35594755,9686.96085622,40629
"Kansas",2020,1357.7064,966.92,562.2,3444.34857142857,11866.066550925,10010.9622978,39987
"Kansas",2021,1373.6544,990.35,666.6,3863.78571428571,12782.091972275,10543.46867294,42846
"Kansas",2022,1506.5544,1051.67,861.6,4327.33571428571,16869.790776,11493.779227705,44821
"Minnesota",2015,1317.3048,879.39,527.4,3186.45,11651.6762351667,13448.8426278667,43135
"Minnesota",2016,1359.8328,902.36,480.6,3252.15,12337.8967869333,13088.89641,43952
"Minnesota",2017,1411.9296,939.01,508.2,3285,13442.3362832833,13474.327034405,44974
"Minnesota",2018,1431.0672,972.4,521.4,3372.6,14640.0384209333,13331.01563858,44509
"Minnesota",2019,1427.8776,991.33,483.6,3533.95517241379,14550.6308799833,13786.33802586,44935
"Minnesota",2020,1436.3832,972.91,482.4,3627.97413793103,14247.92150815,14172.6503188,42707
"Minnesota",2021,1433.1936,986.22,564,4114.05344827586,15238.44748705,14807.91303806,45690
"Minnesota",2022,1516.1232,1063.32,727.2,4578.73620689655,20250.132571,15559.002970101,47301
"Missouri",2015,1175.8992,879.74,696,2989.35,9239.624637575,9865.333513125,40584
"Missouri",2016,1174.836,933.75,656.4,3066,9512.7475727375,10122.603568525,41419
"Missouri",2017,1222.68,1002.67,706.8,3044.1,10200.9301588625,10428.2935823,41951
"Missouri",2018,1206.732,1055.8,622.2,3142.65,11148.8124842625,10363.2425884,42641
"Missouri",2019,1174.836,1073.65,624.6,3231.39260869565,11061.5090451125,10765.83113256,42578
"Missouri",2020,1188.6576,1042.81,623.4,3342.0352173913,10947.2244851125,11252.09924928,41804
"Missouri",2021,1234.3752,1063.26,652.2,3769.18043478261,11902.2612219,11897.262260321,44892
"Missouri",2022,1325.8104,1133.9,857.4,4224.51,16168.700434025,12450.6243784929,46403
"Nebraska",2015,1165.2672,838.55,531.6,3033.15,11202.8781344,10284.9714489,41536
"Nebraska",2016,1171.6464,871.53,480.6,3098.85,11600.5066688333,10566.76610585,42391
"Nebraska",2017,1181.2152,934.3,540.6,3098.85,12497.7586442,10907.5022346,43264
"Nebraska",2018,1162.0776,963.31,512.4,3131.7,13756.5128354667,11263.46341385,42654
"Nebraska",2019,1166.3304,974.13,474,3393.08709677419,13905.6859634667,11615.4969961,42734
"Nebraska",2020,1180.152,956.86,482.4,3427.82096774194,13718.2358259333,12058.81048965,41611
"Nebraska",2021,1159.9512,982.81,575.4,3820.37258064516,14953.4273504333,12712.08181615,45632
"Nebraska",2022,1178.0256,1049.96,769.8,4195.96935483871,19681.8181513333,12666.8174101667,47770
"North Dakota",2015,1053.6312,783.79,489,3219.3,15228.1141636667,10390.744,48866
"North Dakota",2016,1104.6648,783.54,432.6,3350.7,15080.0051813333,10390.74445845,47809
"North Dakota",2017,1130.1816,808.9,458.4,3361.65,15448.1047263333,10690.43502995,48559
"North Dakota",2018,1117.4232,845.81,432,3405.45,16295.8916526667,11093.74068435,47815
"North Dakota",2019,1126.992,861.32,420,3675.89433962264,15399.507946,11323.8377762,47512
"North Dakota",2020,1131.2448,843.17,409.2,3588.70754716981,14723.1486726,11455.8223671167,46887
"North Dakota",2021,1173.7728,824.85,546.6,3992.82452830189,15421.9643366667,10960.471869175,49817
"North Dakota",2022,1183.3416,871.02,654,4453.9641509434,19844.8090926667,11413.84247782,51586
"South Dakota",2015,1171.6464,776.38,498,3219.3,12684.90451065,9554.138,42693
"South Dakota",2016,1222.68,810.47,456,3295.95,13043.9115825,9554.1381375,43737
"South Dakota",2017,1249.26,872.4,490.8,3306.9,13953.936386,9960.6979256,44433
"South Dakota",2018,1246.0704,906.65,459.6,3295.95,15147.7656595,10458.75170315,43353
"South Dakota",2019,1241.8176,932.68,437.4,3582.64090909091,15135.65054,10622.90601765,43526
"South Dakota",2020,1258.8288,924.17,426.6,3699.275,15044.3624725,10962.57927485,43270
"South Dakota",2021,1314.1152,958.88,585,4143.74545454545,16306.010136,12005.6614986,47012
"South Dakota",2022,1306.6728,1023.21,659.4,4557.68863636364,23204.435426,13692.7753288333,48706
"Delaware",2015,1422.5616,1239.23,757.2,3328.8,12795.9604064,13493.9223925,43952
"Delaware",2016,1434.2568,1269.92,712.8,3416.4,12951.3320973,13764.8127055,43961
"Delaware",2017,1431.0672,1321.51,770.4,3416.4,13837.829815,14049.416222,44514
"Delaware",2018,1341.7584,1391.84,756,3482.1,15018.0522065,14477.4230665,45194
"Delaware",2019,1347.0744,1387.16,726,3657.3,14823.3794475,14953.1022795,45685
"Delaware",2020,1344.948,1346.83,777,3854.4,14283.8987735,15647.3285645,44523
"Delaware",2021,1324.7472,1350.67,788.4,4164.65,16094.3572465,17902.3601225,47909
"Delaware",2022,1427.8776,1388.67,900,4599,22881.0232285,19748.7007505,48371
"District of Columbia",2015,1361.9592,1336.92,718.8,3952.95,23843.306723,20662.771686,57499
"District of Columbia",2016,1366.212,1386.88,654,4018.65,24076.061569,21024.608197,58437
"District of Columbia",2017,1361.9592,1466.27,751.8,4325.25,25544.56697,21503.376369,60432
"District of Columbia",2018,1353.4536,1573.99,706.8,4467.6,27658.324027,22007.888264,61417
"District of Columbia",2019,1378.9704,1582.85,768.6,4763.25,27090.177556,22694.089488,63900
"District of Columbia",2020,1333.2528,1541.98,715.2,4916.55,26294.217654,22809.162686,60411
"District of Columbia",2021,1385.3496,1559.31,857.4,5190.3,28195.362465,23491.783218,65273
"District of Columbia",2022,1481.0376,1628.81,1000.8,5748.75,37550.085024,25585.594622,65972
"Florida",2015,1252.4496,1261.38,1160.4,3405.45,12077.3704257636,13002.2251294842,40523
"Florida",2016,1195.0368,1345.84,1216.2,3471.15,12702.5675650273,13521.6071518358,40969
"Florida",2017,1257.7656,1445.57,1269,3525.9,13849.5632715182,14267.1322720136,41745
"Florida",2018,1226.9328,1521.61,1280.4,3602.55,15345.8521740818,15341.0597798669,42991
"Florida",2019,1268.3976,1558.62,1299.6,3686.71791044776,15252.0195240364,16188.2139833636,43951
"Florida",2020,1223.7432,1469.92,1282.8,3808.31194029851,15031.7291451909,16875.4163200273,42478
"Florida",2021,1270.524,1543.28,1374,4168.19104477612,16797.1437663955,19435.0822088961,46415
"Florida",2022,1477.848,1703.09,1580.4,4586.08880597015,25201.6386222727,22760.5106061304,47670
"Georgia",2015,1238.628,1071.33,877.2,3153.6,8984.42475975714,10919.9618294661,36948
"Georgia",2016,1231.1856,1153.39,873.6,3208.35,9145.87953505714,11101.5500154139,37523
"Georgia",2017,1273.7136,1286.49,1015.8,3208.35,9776.21838755,11092.1655692,38271
"Georgia",2018,1237.5648,1387.63,838.8,3274.05,10821.8970724929,11626.32269229,39237
"Georgia",2019,1242.8808,1436.55,892.8,3400.42264150943,10953.3794679214,12228.75399587,40029
"Georgia",2020,1275.84,1426.38,927,3558.19905660377,10830.8346692786,12850.6968613155,38887
"Georgia",2021,1347.0744,1432.29,954.6,3852.47169811321,11948.6977006857,14427.8960578518,42009
"Georgia",2022,1518.2496,1513.33,1083.6,4341.36509433962,16897.8517044071,16408.8172204989,42928
"Maryland",2015,1461.9,1117.71,721.8,3317.85,13299.556857725,13599.3638441333,39339
"Maryland",2016,1513.9968,1184.21,691.8,3394.5,13127.724038925,13821.4634999667,39953
"Maryland",2017,1503.3648,1256.49,778.2,3438.3,13757.660974875,14126.4867799333,40417
"Maryland",2018,1419.372,1327.25,707.4,3504,14829.423377875,14475.3359191667,41102
"Maryland",2019,1401.2976,1348.11,753,3708.85625,14656.9539644,14882.5535776667,41692
"Maryland",2020,1385.3496,1309.39,784.2,3921.925,14299.180118825,15473.6595236667,39293
"Maryland",2021,1382.16,1303.9,882,4275.51875,15496.1345978,17049.0564163333,42167
"Maryland",2022,1520.376,1388.43,1018.2,4723.1,20458.11613045,18442.685203,43510
"North Carolina",2015,1205.6688,761.24,694.2,3109.8,10160.32551278,11373.8331316059,37535
"North Carolina",2016,1193.9736,794.5,678.6,3153.6,10301.1919675942,11686.6650891667,38020
"North Carolina",2017,1191.8472,838.61,797.4,3142.65,10983.2184383375,12129.6776906583,39096
"North Carolina",2018,1203.5424,876.74,726.6,3197.4,12138.7210201875,12676.03711415,39841
"North Carolina",2019,1236.5016,888.86,772.8,3363.7305,12067.4500834812,13365.59852705,41126
"North Carolina",2020,1232.2488,901.25,793.8,3518.7825,11837.0208302,13987.66545035,40869
"North Carolina",2021,1223.7432,926.86,847.2,3898.3095,13262.7264820375,15378.0566479438,43451
"North Carolina",2022,1285.4088,990.34,1032,4352.187,19016.2164664875,17308.354107451,44358
"South Carolina",2015,1322.6208,984.65,757.2,3098.85,10134.125374375,12095.8024447933,37396
"South Carolina",2016,1326.8736,1048.45,757.2,3131.7,10421.6382846375,12179.6524085,38003
"South Carolina",2017,1366.212,1145.15,868.2,3066,11177.5116806875,12730.5753475143,38775
"South Carolina",2018,1324.7472,1230.72,807.6,3142.65,12250.5807995,13312.4326955286,39499
"South Carolina",2019,1346.0112,1248.82,784.2,3297.37826086957,12167.0318831375,13760.8487595036,40536
"South Carolina",2020,1342.8216,1246.61,809.4,3455.43913043478,11868.7711429875,14293.7404926125,40184
"South Carolina",2021,1394.9184,1266.32,857.4,3733.71195652174,13145.9239626375,15757.163076625,42225
"South Carolina",2022,1496.9856,1332.17,940.2,4169.56956521739,18955.1419317,17921.1248194722,43216
"Virginia",2015,1210.9848,849.51,698.4,3317.85,11938.0173843222,11875.6814281286,39076
"Virginia",2016,1222.68,883,652.8,3361.65,12131.0152740889,12233.7685217857,39748
"Virginia",2017,1249.26,920.4,740.4,3317.85,12809.5861257333,12690.0259791143,40576
"Virginia",2018,1263.0816,958.17,702.6,3394.5,14166.0041835444,12924.1156593903,40960
"Virginia",2019,1280.0928,966.99,757.2,3557.43270676692,13921.6633836111,13419.4413970889,42204
"Virginia",2020,1302.42,944.7,763.2,3688.58571428571,13671.3365140889,14093.2140878028,40662
"Virginia",2021,1296.0408,960.51,820.8,4020.70827067669,14910.4995432444,15383.8366084556,43267
"Virginia",2022,1423.6248,1055.3,966,4498.96804511278,20385.5505936667,17121.2502295556,44274
"West Virginia",2015,1063.2,1039.75,628.8,2934.6,6953.2910938,10361.419,37601
"West Virginia",2016,1188.6576,1054.76,555.6,3033.15,6988.14717045,10361.4194773,38862
"West Virginia",2017,1240.7544,1072.14,565.8,2967.45,7243.770676075,9687.926446,39454
"West Virginia",2018,1208.8584,1096.83,590.4,2956.5,7733.348891575,9929.37334155,40227
"West Virginia",2019,1187.5944,1096.1,594,3221.09181818182,7535.961913575,9985.04400275,41131
"West Virginia",2020,1254.576,1064.14,606.6,3308.89090909091,7243.858912025,10274.65070425,40984
"West Virginia",2021,1289.6616,1064.15,627.6,3657.69818181818,7807.2854187,10719.5066245833,41776
"West Virginia",2022,1409.8032,1098.61,724.8,4083.55363636364,10140.01895125,11372.6469165333,43448
"Alabama",2015,1258.8288,877.58,847.8,3197.4,8556.70315735,10439.7851486167,35658
"Alabama",2016,1277.9664,936.97,843.6,3252.15,8663.94178488333,10801.19848825,35943
"Alabama",2017,1350.264,1014.7,967.2,3263.1,9152.49540883333,11236.8819390875,36643
"Alabama",2018,1310.9256,1071.38,913.2,3306.9,9959.91367459167,11602.622322125,38180
"Alabama",2019,1355.58,1094.34,937.8,3431.76268656716,9941.92112531667,12115.5966620375,38717
"Alabama",2020,1357.7064,1078.53,960.6,3553.68358208955,9843.639428425,12652.2880560833,38138
"Alabama",2021,1418.3088,1084.87,943.2,3910.62089552239,10802.3407229,13587.0511369222,41035
"Alabama",2022,1538.4504,1128.28,1041.6,4382.94179104478,14913.8987275917,14864.6371636028,41599
"Kentucky",2015,1066.3896,938.46,652.2,2923.65,8203.24522331667,10098.18823465,36644
"Kentucky",2016,1087.6536,977.71,608.4,2956.5,8320.87651308333,10495.7205944,37377
"Kentucky",2017,1131.2448,1043.82,697.2,2912.7,9051.750961,10773.9587405167,38270
"Kentucky",2018,1109.9808,1101.05,633.6,2934.6,9929.88748991667,10245.6461105333,39539
"Kentucky",2019,1131.2448,1096.3,651,3119.19875,10008.57871495,10247.28272618,39607
"Kentucky",2020,1151.4456,1059.44,668.4,3182.07,9809.450011,10569.59695162,39199
"Kentucky",2021,1207.7952,1040.11,732.6,3533.7475,10840.2688516333,11410.23948028,42358
"Kentucky",2022,1356.6432,1078.12,874.8,3947.56625,14670.6418613167,12856.1429987167,43032
"Mississippi",2015,1201.416,1001.17,582,3153.6,8655.9647937,10629.134246,34348
"Mississippi",2016,1116.36,1046.69,603.6,3252.15,8985.48984696667,11195.91780825,34726
"Mississippi",2017,1190.784,1105.92,709.8,3208.35,9363.76505243333,11595.4791212,35249
"Mississippi",2018,1195.0368,1153.33,626.4,3175.5,10103.904626,11946.5682119,36127
"Mississippi",2019,1203.5424,1150.84,634.8,3362.4512195122,9955.0613006,12310.52401795,36184
"Mississippi",2020,1191.8472,1148.95,690.6,3444.44268292683,9702.06668423333,12938.834615,36640
"Mississippi",2021,1239.6912,1172.83,758.4,3753.84695121951,10345.7297287333,14220.6499358333,39186
"Mississippi",2022,1339.632,1232.4,873,4203.46463414634,13833.6461015333,15272.8009622,39613
"Tennessee",2015,1087.6536,880.98,577.2,3219.3,8971.48995643,11189.77047778,36804
"Tennessee",2016,1090.8432,907.93,552.6,3285,9250.9452728,11376.3144990567,37209
"Tennessee",2017,1131.2448,957.28,618.6,3241.2,10017.99448364,11680.0196365167,38256
"Tennessee",2018,1130.1816,998.03,567.6,3317.85,10941.67808192,12139.8295944,40185
"Tennessee",2019,1148.256,1004.15,567.6,3451.3247368421,10893.30354424,12717.7342876333,40278
"Tennessee",2020,1146.1296,987.96,538.2,3570.96789473684,10905.5361737,13358.3709490286,39921
"Tennessee",2021,1175.8992,1001.12,617.4,3900.27473684211,12111.02161724,14635.2243606463,43449
"Tennessee",2022,1311.9888,1061.15,747,4377.69473684211,17477.17463511,15903.1700877561,43867
"Arkansas",2015,1047.252,910.01,694.8,2978.4,7961.40519458333,9719.36187671667,35530
"Arkansas",2016,1055.7576,955.21,670.2,3066,8142.79836978333,10025.83554185,36276
"Arkansas",2017,1090.8432,1039.1,778.2,3055.05,8639.92715571667,10346.543783425,37001
"Arkansas",2018,1049.3784,1097.84,706.2,3033.15,9387.63872611667,10551.838722925,38399
"Arkansas",2019,1049.3784,1098.95,663,3146.738,9255.08874325,10863.568787575,38269
"Arkansas",2020,1111.044,1078.31,736.8,3254.924,9084.84205411667,11290.44015365,37974
"Arkansas",2021,1205.6688,1089.02,753,3644.452,10002.0807507,12278.6588064,40653
"Arkansas",2022,1265.208,1132.14,1017,4048.872,13881.31199205,13367.5541997,41952
"Louisiana",2015,985.5864,1420.45,646.2,3076.95,10402.0757000125,12729.6464803,37327
"Louisiana",2016,967.512,1509.51,681,3164.55,10665.4324377361,12441.7465565683,37430
"Louisiana",2017,1018.5456,1637.57,782.4,3295.95,11032.1652072222,12541.91237006,38507
"Louisiana",2018,995.1552,1755.08,699,3339.75,11775.0829080222,12675.9130443,39796
"Louisiana",2019,1017.4824,1763.87,689.4,3337.86796875,11446.1917779667,12746.99147892,40161
"Louisiana",2020,1005.7872,1684.76,729.6,3473.203125,10989.6848042111,13009.96668669,39294
"Louisiana",2021,1164.204,1682.47,772.2,3861.24375,11161.4834609444,13698.9237574548,42525
"Louisiana",2022,1346.0112,1742.87,953.4,4308.99609375,14248.4321383889,13980.8280140238,43723
"Oklahoma",2015,1071.7056,1010.14,614.4,3087.9,8610.8612695,10213.0097971667,35774
"Oklahoma",2016,1083.4008,1042.89,634.2,3153.6,201518.509874575,10297.2933732333,35889
"Oklahoma",2017,1122.7392,1100.9,684,3142.65,9126.359916625,10423.3888398,36545
"Oklahoma",2018,1102.5384,1127.04,555,3164.55,9575.435072525,10646.2016538,37841
"Oklahoma",2019,1089.78,1117.75,564,3337.04805194805,9454.915147425,10938.6296034667,38025
"Oklahoma",2020,1071.7056,1087.42,546.6,3465.03506493506,9285.55765095,11389.9918428,37118
"Oklahoma",2021,1322.6208,1094.21,618.6,3854.68441558442,9960.940535,12467.434176325,39846
"Oklahoma",2022,1352.3904,1172.21,886.8,4317.57077922078,13166.04770335,13296.8078692474,41080
"Texas",2015,1241.8176,1109.66,638.4,2836.05,10892.221447648,11802.8849582476,37716
"Texas",2016,1172.7096,1194.3,703.8,2923.65,11237.4498717398,12076.6090150366,38150
"Texas",2017,1187.5944,1295.93,816.6,2967.45,12001.1561905923,12378.8371027561,39098
"Texas",2018,1209.9216,1372.52,685.2,2890.8,13041.1591058385,13030.7127815609,39554
"Texas",2019,1256.7024,1370.28,636.6,3153.29822834646,17105.9483272808,13502.0056217072,39775
"Texas",2020,1268.3976,1302.63,698.4,3209.08287401575,12585.9386950962,13684.247226175,38959
"Texas",2021,1274.7768,1343.03,826.2,3555.94783464567,13757.5847572462,14588.9550366652,42545
"Texas",2022,1420.4352,1470.12,991.2,3908.97755905512,18450.6388527538,15840.1834322979,43897
"Arizona",2015,1314.1152,991.55,1022.4,3076.95,11497.4518388833,11007.701551675,36763
"Arizona",2016,1309.8624,1043.26,916.8,3142.65,11907.2557043667,11564.053394725,37019
"Arizona",2017,1332.1896,1125.54,946.8,3164.55,12980.90173705,12276.695952825,38511
"Arizona",2018,1370.4648,1183.69,921,3208.35,14449.2770497333,13930.55344162,39580
"Arizona",2019,1343.8848,1201.08,807.6,3428.81,14526.9577841333,14874.6464222,40082
"Arizona",2020,1324.7472,1169.15,786,3515.68,14510.0379308833,15859.9750762,39131
"Arizona",2021,1335.3792,1199.88,931.2,3855.86,16869.7518511167,18282.5439453333,43859
"Arizona",2022,1387.476,1286.72,1068.6,4251.52,24837.9068748333,19311.488783881,43703
"Colorado",2015,1284.3456,990.16,496.2,3383.55,15732.1900117286,13998.757878039,40761
"Colorado",2016,1279.0296,1074,441,3493.05,17073.9308435,15440.1968329661,41892
"Colorado",2017,1294.9776,1194.7,484.8,3547.8,19097.7210952857,16377.9557549304,43014
"Colorado",2018,1292.8512,1290.63,464.4,3602.55,21492.5395204857,17425.544086175,45062
"Colorado",2019,1314.1152,1338.84,466.2,3785.278125,21324.1832503857,18344.52488115,45363
"Colorado",2020,1325.8104,1329.96,433.2,3930.19453125,21066.0282872857,19142.379957875,43664
"Colorado",2021,1386.4128,1347.92,546.6,4305.403125,23401.3798061429,21035.6804886667,48502
"Colorado",2022,1517.1864,1446.48,763.2,4765.13203125,33555.669676,23817.8526028889,50608
"Idaho",2015,1073.832,696.09,515.4,3197.4,10879.9233906333,9331.77089465,33297
"Idaho",2016,1071.7056,731.46,488.4,3208.35,11293.39963125,9866.2163759,34563
"Idaho",2017,1075.9584,780.46,459,3219.3,12667.0969055,11121.4383409167,34595
"Idaho",2018,1097.2224,828.28,426.6,3328.8,14503.34724935,12030.6479432,36290
"Idaho",2019,1060.0104,849.71,390,3574.92613636364,15014.9464644667,12922.1668711667,36265
"Idaho",2020,1067.4528,832.94,403.8,4027.11136363636,15388.3641106667,13940.706921,36465
"Idaho",2021,1080.2112,848.21,420,4435.24772727273,18950.9141868333,15481.812973025,39923
"Idaho",2022,1111.044,880.12,478.2,4902.61363636364,27335.8261868333,16365.2881565,41238
"Montana",2015,1173.7728,871.08,492.6,3131.7,14957.77970352,9617.78529935,41124
"Montana",2016,1180.152,902.32,436.2,3186.45,15790.6841888,9861.2664395,41579
"Montana",2017,1183.3416,969.19,457.2,3241.2,16889.53979916,10060.9326540667,42106
"Montana",2018,1192.9104,1025.48,439.2,3306.9,18717.6999862,10221.8736921333,44104
"Montana",2019,1210.9848,1039.97,425.4,3536.06785714286,18544.2350686,10594.8456022333,43682
"Montana",2020,1232.2488,1031.5,433.2,3632.85803571429,18238.3403518,11153.9247079,43840
"Montana",2021,1196.1,1035.76,531.6,4097.45089285714,21322.0300614,15540.80147095,48458
"Montana",2022,1192.9104,1079.53,625.2,4557.35089285714,30590.4224022,19511.9203078,50213
"Nevada",2015,1360.896,1118.5,709.2,3263.1,13402.3311876667,12313.5544515,37839
"Nevada",2016,1213.1112,1169.76,613.8,3295.95,14578.5201693333,13088.8392665,39104
"Nevada",2017,1267.3344,1258.79,529.2,3339.75,16288.2260956667,14125.1719705,39088
"Nevada",2018,1260.9552,1387.58,554.4,3449.25,19065.1218926667,15394.627743,41377
"Nevada",2019,1277.9664,1419.65,570,3625.73823529412,19228.5779146667,16342.302357,40853
"Nevada",2020,1146.1296,1365.05,621.6,3749.40882352941,18458.9497246667,17039.406599,40067
"Nevada",2021,1209.9216,1381.12,583.2,4088.85882352941,21249.8677266667,19181.5651656667,44689
"Nevada",2022,1447.0152,1420.51,763.2,4524.28235294118,30773.6691016667,20476.9329773667,45857
"New Mexico",2015,1354.5168,956.08,517.8,3055.05,23724.54094,10484.42302775,34782
"New Mexico",2016,1284.3456,984.18,483,3131.7,12241.12970205,11712.9693346333,35436
"New Mexico",2017,1383.2232,1050.73,553.2,3142.65,13106.318684975,12391.9716546,35365
"New Mexico",2018,1368.3384,1102.29,473.4,3186.45,14168.4183818,12974.2248771,37805
"New Mexico",2019,1353.4536,1122.73,384,3458.54090909091,14172.62579785,13762.1435790333,37156
"New Mexico",2020,1401.2976,1088.32,422.4,3569.36818181818,14064.0729839,14413.1696685333,36528
"New Mexico",2021,1453.3944,1072.62,586.2,3936.69090909091,15432.560992975,16035.4800603333,40991
"New Mexico",2022,1506.5544,1148.99,750.6,4337.52727272727,21631.54933285,16595.2013030967,41481
"Utah",2015,1174.836,879.85,583.2,3055.05,13704.78028256,11972.5790945,33316
"Utah",2016,1185.468,916.7,547.2,3087.9,14540.087492,12706.896210975,34595
"Utah",2017,1185.468,984.12,543,3076.95,16235.5077196,13528.465417225,34864
"Utah",2018,1132.308,1038.39,542.4,3186.45,18585.7760758,14341.8922655,37035
"Utah",2019,1128.0552,1051.23,469.2,3512.68448275862,18956.0856468,16887.4099562,37497
"Utah",2020,1134.4344,1028.38,489,3490.02931034483,18979.2206996,17930.2482468,38302
"Utah",2021,1121.676,1047.21,539.4,3922.36551724138,22657.3036912,20664.2170556,42593
"Utah",2022,1169.52,1128.96,628.8,4387.92931034483,33449.06281,21588.1512630238,44222
"Wyoming",2015,1171.6464,866.85,559.8,3295.95,13817.954243,11269.7312457,42024
"Wyoming",2016,1193.9736,895.15,510.6,3350.7,13860.684278,11548.23799955,42105
"Wyoming",2017,1219.4904,935.76,540.6,3339.75,14393.968804,11352.26909735,42673
"Wyoming",2018,1218.4272,971.07,516,3416.4,15400.0697005,11546.0477727,45513
"Wyoming",2019,1202.4792,985.35,483.6,3653.49130434783,15370.7838505,12103.1340189,45078
"Wyoming",2020,1197.1632,977.46,530.4,3758.23043478261,15365.209424,11915.5051692667,46214
"Wyoming",2021,1201.416,998.47,602.4,4157.19130434783,16103.790253,12048.743336725,49425
"Wyoming",2022,1191.8472,1057.15,804,4593.28695652174,21325.617422,13047.988603275,50560
"California",2015,1803.1872,986.38,683.4,3438.3,22573.2503536769,18417.1781320256,38038
"California",2016,1838.2728,1044.57,710.4,3460.2,23863.7724241077,19227.8949841379,39332
"California",2017,1931.8344,1115.73,749.4,3504,26209.9903525,20424.7645874579,40066
"California",2018,2007.3216,1189.68,738,3591.6,29855.0737511923,21509.6912470087,41087
"California",2019,2036.028,1219.43,777,3907.07327586207,29208.2038659231,22463.4615513478,42669
"California",2020,2167.8648,1216.72,848.4,4191.58448275862,28247.5025655769,23183.5081615237,40808
"California",2021,2417.7168,1212.81,980.4,4521.9724137931,31576.8486180769,25319.2550027391,45189
"California",2022,2804.7216,1249.83,1209,4954.30862068966,44330.4414297308,27084.5625798298,46501
"Oregon",2015,1136.5608,906.59,749.4,3186.45,15799.4355165625,12709.33095218,37448
"Oregon",2016,1129.1184,964.88,700.2,3208.35,16827.846782125,14061.372006,38675
"Oregon",2017,1140.8136,1043.93,635.4,3252.15,18892.23623675,14951.5922321667,39112
"Oregon",2018,1164.204,1077.2,639,3427.35,21185.11028,15638.318319,38945
"Oregon",2019,1169.52,1077.93,598.2,3746.11666666667,20955.229241125,16378.6996138333,39864
"Oregon",2020,1183.3416,1030.37,654.6,3948.99583333333,20612.500976,17109.8036878333,39083
"Oregon",2021,1206.732,1024.86,705.6,4390.0375,23387.055763,18573.7951562857,42443
"Oregon",2022,1209.9216,1088.03,769.8,4733.1375,32443.48009325,20142.0077956944,42431
"Washington",2015,949.4376,969.81,708.6,3263.1,14843.3273612818,12537.9691411571,40039
"Washington",2016,998.3448,1016.31,646.8,3295.95,15821.4884509364,13173.98699235,40419
"Washington",2017,1019.6088,1077.65,637.2,3328.8,17885.6385019455,14201.8546349875,40699
"Washington",2018,1029.1776,1120.23,616.8,3525.9,20434.3266498182,15160.7827125819,41913
"Washington",2019,1024.9248,1154.97,589.2,3755.56923076923,20614.8301583636,16035.9487166444,42307
"Washington",2020,1035.5568,1115.8,658.2,4040.83076923077,20900.3445457273,16867.3254541111,40951
"Washington",2021,1072.7688,1110,697.8,4302.22692307692,23839.4320022727,18641.7498652556,44185
"Washington",2022,1089.78,1125.17,769.8,4721.13461538462,33331.8509296364,19287.5979544634,44700
"Alaska",2015,2145.5376,1061.26,578.4,3733.95,16897.20066,15245.172556,44777
"Alaska",2016,2187.0024,1053.48,588.6,3766.8,17292.691122,15074.61061,44682
"Alaska",2017,2289.0696,1072.19,631.2,3690.15,17976.8069405,14858.585506,44892
"Alaska",2018,2349.672,1111.08,659.4,3942,19301.2977895,14951.53816,45837
"Alaska",2019,2434.728,1141.81,666.6,4365.27413793103,19215.0651035,15098.466811,47049
"Alaska",2020,2445.36,1112.74,668.4,4533.665,18485.3164395,15417.148626,45108
"Alaska",2021,2406.0216,1119.22,656.4,5105.255,18750.8795765,16656.630481,47392
"Alaska",2022,2460.2448,1154.57,664.8,5590.705,24865.8892405,18427.928401,50009
"Hawaii",2015,3206.6112,871.05,2404.8,3536.85,30485.1089455,24255.658555,36445
"Hawaii",2016,2906.7888,893.52,2188.8,3580.65,31157.895046,24734.673993,37257
"Hawaii",2017,3111.9864,918.13,2332.8,3613.5,34748.192437,25243.704631,38075
"Hawaii",2018,3419.2512,944.54,2608.8,3712.05,38386.853878,25688.005107,38744
"Hawaii",2019,3433.0728,955.5,2648.4,4119.39,36777.1466015,26324.80931,39659
"Hawaii",2020,3252.3288,919.4,2265,4574.91,35306.156976,26439.086774,37243
"Hawaii",2021,3501.1176,926.92,2819.4,5689.62,38317.483111,29123.2060478333,40562
"Hawaii",2022,4551.5592,951.75,3447.6,6153.9,57497.1057305,30645.1859586667,42308
