RegionID,SizeRank,State,1/31/2015,2/28/2015,3/31/2015,4/30/2015,5/31/2015,6/30/2015,7/31/2015,8/31/2015,9/30/2015,10/31/2015,11/30/2015,12/31/2015,1/31/2016,2/29/2016,3/31/2016,4/30/2016,5/31/2016,6/30/2016,7/31/2016,8/31/2016,9/30/2016,10/31/2016,11/30/2016,12/31/2016,1/31/2017,2/28/2017,3/31/2017,4/30/2017,5/31/2017,6/30/2017,7/31/2017,8/31/2017,9/30/2017,10/31/2017,11/30/2017,12/31/2017,1/31/2018,2/28/2018,3/31/2018,4/30/2018,5/31/2018,6/30/2018,7/31/2018,8/31/2018,9/30/2018,10/31/2018,11/30/2018,12/31/2018,1/31/2019,2/28/2019,3/31/2019,4/30/2019,5/31/2019,6/30/2019,7/31/2019,8/31/2019,9/30/2019,10/31/2019,11/30/2019,12/31/2019,1/31/2020,2/29/2020,3/31/2020,4/30/2020,5/31/2020,6/30/2020,7/31/2020,8/31/2020,9/30/2020,10/31/2020,11/30/2020,12/31/2020,1/31/2021,2/28/2021,3/31/2021,4/30/2021,5/31/2021,6/30/2021,7/31/2021,8/31/2021,9/30/2021,10/31/2021,11/30/2021,12/31/2021,1/31/2022,2/28/2022,3/31/2022,4/30/2022,5/31/2022,6/30/2022,7/31/2022,8/31/2022,9/30/2022,10/31/2022,11/30/2022,12/31/2022,1/31/2023,2/28/2023,3/31/2023,4/30/2023,5/31/2023,6/30/2023,7/31/2023,8/31/2023,9/30/2023,10/31/2023,11/30/2023,12/31/2023,1/31/2024,2/29/2024,3/31/2024,4/30/2024,5/31/2024,6/30/2024,7/31/2024,8/31/2024,9/30/2024,10/31/2024,11/30/2024,12/31/2024,1/31/2025,2/28/2025
9,0,California,405626.1568,408073.5083,410076.6323,412015.4251,414207.6248,416454.1744,418224.4475,419410.8553,420425.6365,421676.5319,422720.543,423672.7997,426827.5967,432134.8552,438163.6162,442718.7789,445740.4122,448410.5517,449387.1225,449079.71,447603.9541,447268.4784,448333.1459,450903.0373,455764.6312,462162.2111,469110.3467,474784.7037,478945.0592,482510.6139,484246.4859,485746.829,487326.5399,490761.8308,494571.2235,499048.3659,504103.9631,509679.7085,514762.3845,518943.0154,522767.9151,525881.2985,528713.7624,531752.5217,535181.065,538827.9898,541406.9428,542918.0126,542446.7414,540826.2719,538990.2853,537936.5231,537305.6839,536916.6681,537325.4677,539035.1832,541648.547,544729.1418,548083.289,551559.4728,554398.6662,556681.9495,558881.7858,560913.0945,561169.6484,559954.2509,559797.4095,563065.9395,570322.1992,579639.7384,590489.5236,601311.8025,610298.4682,617987.3278,624952.7987,634071.5256,644990.647,656714.1547,667310.1119,674640.9799,679611.9539,684049.7644,689901.1113,697114.4971,707174.3734,720083.4111,735649.6351,749805.2234,760475.4516,766148.6309,766458.6766,761781.6798,754301.5064,747567.5218,742275.5517,737739.3848,730682.0698,723426.5867,718089.4742,717501.565,720495.9281,725739.6804,732808.3023,740806.7418,748450.0889,754665.0484,759112.5223,761944.1162,762480.7559,762326.4768,763822.8965,767720.6229,772252.1567,774747.9977,776763.5117,778549.5817,780868.2926,782474.5671,784265.2787,786076.8282,786243.0589,784840.2354
54,1,Texas,158286.9386,159522.176,160729.789,161859.8734,162941.0924,164018.0875,165137.8742,166306.1027,167497.2994,168697.5528,169754.5437,170850.7767,172024.6707,173249.2085,174152.1964,175011.3858,175840.5285,176828.8667,177652.7493,178453.8409,179369.7953,180379.8598,181516.2792,182608.2715,183682.6665,184641.9185,185664.8402,186797.178,187816.7784,188735.7389,189447.0397,190201.0985,190966.7631,191879.8937,192885.4659,194001.9248,195109.0568,196116.4325,197296.4032,198400.4294,199551.8199,200426.233,201425.7391,202324.906,203212.1547,203888.8339,204656.1654,205509.3759,206354.7095,207099.7002,207744.2298,208288.5645,208777.6903,209252.1964,209755.6487,210359.0947,211018.4936,211901.2244,212946.4117,214084.4787,215239.8941,216357.6902,217447.8355,218233.7236,218514.3425,218682.304,219338.882,220765.1602,222918.2384,225348.2259,228119.5448,230804.5681,233623.3151,236625.7669,240025.1799,243797.7394,248115.0516,252734.3151,256972.0753,260202.4493,262563.9298,265013.5493,268185.1348,271830.7785,276627.1373,281991.5238,288057.372,293942.6171,299352.1061,304073.6603,306944.5891,307845.848,307181.4306,306231.4357,305229.3446,303941.7219,302242.7869,300627.1904,299548.8761,299176.7707,299498.2784,300332.4714,301083.7383,301666.7302,301704.8738,301473.3625,300982.035,300375.144,300175.7058,300436.6064,301308.6095,302164.2822,302495.2559,302263.9172,301704.0247,301289.4551,301030.7947,300773.3254,300405.1312,300133.8177,299959.3542,299786.562
14,2,Florida,171724.0053,172943.6503,174020.5334,175102.0912,176327.161,177583.2703,179015.4676,180531.6906,182181.0574,183904.5666,185566.4159,187109.3411,188531.5525,189879.6708,191118.8965,192431.5303,193730.4949,195119.1015,196338.0185,197600.967,199019.6633,200597.8659,202042.4966,203240.5769,204290.3564,205465.2763,206836.9063,208294.1844,209570.5112,210886.7861,212137.3638,213549.2915,214916.8349,216383.3409,217892.5125,219472.5342,220877.8499,222112.0769,223353.6139,224584.0286,225860.1184,226935.0643,228328.5464,229689.8247,231072.1572,232209.7416,233417.7288,234723.2405,235901.3806,236958.5466,237673.4148,238189.594,238467.0264,238868.9686,239388.6857,240097.4713,240802.0904,241735.8363,243012.9845,244586.9638,246493.9031,248290.4904,249868.9335,250829.0348,251093.8146,251226.5836,251793.6852,253356.9232,255864.1282,258830.9487,262314.3067,265776.4645,269359.7405,272929.6882,276744.4693,280986.7091,286120.4945,292405.5582,298841.7636,304567.6809,309207.2956,313775.4038,318885.6205,324409.475,331343.8262,339409.3464,348929.2486,358940.311,368534.8262,377063.1681,382849.7445,385778.6914,386153.2125,385674.6523,384973.9574,384135.0391,382798.6577,381667.0447,381206.7885,381648.3697,382693.2025,384354.8636,386044.7319,387719.3738,388883.9906,389939.2179,390864.4254,391690.1508,392390.5104,393112.7479,393970.4334,394645.5643,394769.167,393988.9743,392940.249,391931.6915,391081.8316,390139.984,388947.1054,387859.9568,386921.8102,385850.72
43,3,New York,268578.8939,268822.3264,269069.5069,269518.1061,270323.6713,271206.6002,272305.7365,273624.1806,275367.853,277253.667,278794.711,280043.6316,280927.3508,281617.7349,281930.2079,282488.6365,283345.3869,284674.0894,285766.4046,286548.1234,287149.6892,287987.3142,289281.4066,291068.5056,292706.7741,294436.1578,295962.6179,298019.3932,299675.8772,301130.4816,302203.3754,303531.4943,304879.8089,306564.7558,307931.2183,309456.48,310834.3005,311937.8904,313375.6519,314983.1983,317322.095,319432.8096,321816.107,324140.3671,326524.7333,328104.0886,329227.5241,329886.6042,330958.4474,332468.2106,334104.9366,335481.9043,336268.5613,337228.5933,338207.3982,339378.4309,340018.5891,340740.3987,342181.9605,344015.4979,346275.6886,347998.7961,349584.7547,350902.0428,352048.1169,352667.6757,352843.1502,353245.4938,355273.5268,358597.6812,362990.7789,367836.5691,372423.6865,377210.4226,381683.0891,385838.7313,389993.1213,393884.0662,397321.6563,399417.3893,400453.4458,401950.1958,404200.4073,406860.2261,409993.4769,413792.008,418861.6953,424048.9364,428783.3914,433313.4167,436368.9209,437284.1921,435734.4539,433927.1094,432389.8147,430825.8976,429189.0347,427829.1335,427922.1955,429396.3683,431809.0797,434644.7584,437651.6251,440707.5412,443300.8435,445139.1989,446674.4169,448355.5853,450137.3827,452337.8437,455298.1753,458916.7338,462242.7253,464917.1041,467417.4856,470476.9286,473305.2581,475694.5469,477503.8221,479237.2611,480352.5906,481516.9788
47,4,Pennsylvania,154115.6891,154166.5429,154353.6095,154764.3777,155344.4259,155861.8765,156477.9364,157185.7212,157878.6956,158401.7047,158666.1443,159017.7166,159495.9009,159985.8103,160026.2348,160019.1641,160212.683,160706.096,161091.5888,161478.4649,161966.5454,162587.6567,163156.079,163797.497,164358.5791,164855.8672,165236.5114,165678.6437,166142.5321,166629.1641,167139.2384,167698.5249,168323.7443,169084.0511,169986.0527,170890.6102,171699.0071,172404.6983,173381.7821,174309.8845,175047.0531,175411.2045,175791.5229,176229.1047,176647.441,176889.9763,177163.0998,177530.8305,178184.7451,179168.2715,180202.8152,181038.5102,181587.4469,182186.4804,182861.9138,183570.8873,184214.3504,185025.1819,186057.3243,187176.6949,188281.8999,189440.2318,190683.2797,192046.3875,192873.294,193215.1763,193512.5834,194507.7602,196625.0057,199284.4706,202466.5111,205461.909,208219.7393,210911.7437,213713.8856,216587.5869,219473.8937,222499.8578,224694.9403,225547.5392,224807.7735,224217.6121,224322.942,225270.5028,227564.6776,230930.2206,235141.4412,238958.3602,241907.0501,244209.4327,245094.9092,244888.1674,243943.1956,243649.1227,243845.0922,244050.2861,243871.2397,243486.8028,243638.8393,244441.8682,245950.4525,247739.0853,249479.375,251147.0486,252448.2043,253329.1747,253858.5142,254292.2812,254791.2859,255608.2519,256909.4925,258550.7686,260012.3919,260882.465,261214.2992,261460.0312,261840.1107,262570.4707,263442.0273,264609.2494,265656.196,266551.3237
21,5,Illinois,158431.2096,158451.1519,158681.8467,159070.6279,159809.8062,160416.1643,161064.6275,161643.4875,162315.3948,163250.2626,164140.3784,165004.0866,165834.0156,166728.9585,167346.4291,167915.6577,168471.6681,169152.8541,169460.3923,169658.8572,169827.7895,170351.7255,171010.2772,171941.8535,172890.5009,173928.6981,175038.3331,175918.4124,176562.568,176757.145,176904.1635,177093.4053,177696.9575,178526.6798,179556.8505,180584.9724,181679.5292,182631.7281,183766.4346,184613.6093,185271.6542,185229.5241,185285.2945,185216.4186,185357.7025,185334.9598,185489.8703,185869.2482,186669.1473,187841.2306,188943.577,189772.7355,190142.6127,190332.3624,190229.3183,190128.2506,189868.5192,189938.3599,190259.2722,190951.1058,191925.8269,193061.4138,194171.9909,194972.9227,195076.6773,194778.3788,194500.0445,194989.3522,196545.8643,198653.7299,201144.9835,203479.0592,205791.2539,208315.1482,210888.8944,213313.8797,215494.2816,217766.8138,219700.9367,220827.7583,220976.8204,221134.575,221819.5476,223217.1247,225672.0326,229068.171,233152.5864,236971.9497,239540.3781,241284.7263,241642.3894,241173.9902,239902.1486,239050.5474,238574.1392,238315.2375,237803.9838,237581.6713,237972.0866,239307.1972,241151.1748,243261.435,245234.6477,247175.2577,248659.4927,249853.4816,250698.3944,251328.4128,251788.6829,252814.3151,254673.9872,257074.6884,258825.707,259929.9426,260562.7448,261364.2216,262128.2868,262985.4165,263906.6744,265018.1705,266141.1194,267228.58
44,6,Ohio,115853.9445,116214.5745,116632.3024,117158.528,117823.7571,118463.9685,119128.6608,119828.4702,120487.1687,121102.3831,121474.913,121941.0574,122568.6004,123356.1879,123842.3359,124144.8247,124339.903,124725.665,124973.8869,125243.3689,125568.967,126091.2713,126656.189,127258.6751,127834.1792,128353.6843,128874.2315,129449.4728,130032.5867,130621.7819,131228.8441,131872.8926,132451.7291,133064.5,133778.1305,134520.272,135149.476,135682.3494,136494.9814,137388.5203,138338.375,138975.1064,139678.4151,140348.7212,141123.8116,141731.3143,142447.9101,143170.2144,144025.3871,144995.2642,145975.2611,146723.9148,147191.8554,147639.7476,148143.8342,148614.4787,149009.3028,149549.0177,150349.4822,151229.0389,152212.4979,153210.3668,154291.756,155272.6064,155900.3999,156339.3287,156975.7904,158287.3961,160371.6138,162927.2987,165740.2401,168379.463,170693.7164,172871.2967,175112.0359,177523.1522,180054.0261,182655.8916,184486.6098,185110.3892,184671.0885,184404.8172,184777.8505,185606.1781,187619.5079,190555.1408,194124.0352,197451.5895,200162.126,202654.5472,204047.7225,204534.0093,204146.8423,203874.8029,203792.4457,203684.248,203057.7157,202695.1714,202956.1988,204272.0599,206161.5516,208278.9845,210203.5834,211732.9774,212872.5568,213674.5765,214293.2327,214719.9653,215130.2379,215907.0913,217447.2434,219422.764,221207.901,222413.4153,223215.6879,223788.388,224187.7025,224663.9617,225286.9311,226489.1374,227785.9603,228988.1657
16,7,Georgia,146862.6915,147423.6603,148053.4044,148841.6889,149711.3185,150584.1065,151544.6845,152541.3382,153597.1652,154608.6678,155511.9573,156420.9699,157426.8226,158415.6869,159117.7734,159839.6998,160540.6313,161300.047,161718.7906,162071.9577,162576.0553,163338.7298,164267.2693,165258.9374,166204.9007,167196.2184,168206.1396,169265.1064,170174.0587,171017.278,171926.7782,172905.3997,173964.872,175095.5769,176432.6493,177968.6025,179492.0189,180932.5108,182368.1548,183634.4195,184846.3175,185767.938,186963.4778,188183.7547,189636.3494,190854.6123,192172.5067,193528.8477,194971.6858,196290.2897,197461.0448,198424.0725,199214.3957,199895.4898,200585.6884,201384.8921,202124.2169,203071.6697,204235.3787,205669.9009,207224.8398,208774.0293,210242.2632,211406.1193,211975.7675,212343.289,213069.7628,214739.1107,217408.2457,220696.967,224382.6916,228049.1075,231721.8164,235546.2687,239555.8498,243745.6692,248266.8436,253167.2176,257614.8758,261126.8032,263875.0514,267088.0218,271170.1307,275846.2195,281838.3838,288495.3642,295452.3234,301719.6971,307053.7156,311707.3087,314494.0795,315561.9831,315116.9647,314379.9869,313472.4357,312362.8806,311054.7766,310198.2316,310306.5097,311225.0014,312724.8305,314407.767,316097.2302,317772.2038,319234.9137,320432.3616,321315.3221,321894.7799,322327.5972,322991.1177,324288.8177,325905.7576,327226.7595,327823.1735,328044.7993,328230.6851,328289.1194,328083.4282,327503.7761,327074.595,326715.7879,326316.0215
36,8,North Carolina,155939.7203,156489.6537,157023.504,157589.0862,158213.581,158839.6878,159503.6831,160193.5554,160940.31,161747.174,162446.2679,163245.3273,164153.6002,165075.845,165640.5858,166099.368,166512.4067,167130.6858,167639.2323,168314.83,169150.6901,170202.0838,171232.4737,172208.5886,173064.6722,173824.6323,174549.6435,175440.4893,176310.8927,177213.7167,178062.2212,178990.1048,179915.4624,180902.5468,182035.9054,183234.294,184388.9159,185435.2764,186579.582,187588.5193,188533.9079,189285.3935,190224.926,191194.8843,192237.409,193107.0766,194089.1567,195128.2355,196272.2057,197343.8052,198446.8151,199445.4373,200313.064,201035.0075,201757.46,202556.3043,203321.345,204339.9014,205630.365,207051.4668,208377.7226,209673.3465,211120.5866,212513.7728,213434.6953,214112.4614,215127.6032,217062.7567,219976.0888,223424.9302,227131.0225,230803.4492,234291.7572,237886.3221,241559.7808,245548.7497,250035.4513,255094.2683,259795.0833,263264.1119,265541.2452,267699.328,270494.4362,273632.0516,278149.1761,283659.1033,290293.4488,297044.1279,303333.84,308929.4737,312443.7016,313874.9192,313530.5643,312934.3154,312238.4389,311340.1805,309960.6913,308963.7261,308928.3993,309954.4915,311558.4348,313459.2394,315245.0405,317000.5307,318441.4759,319569.5534,320534.4984,321024.9078,321307.9288,321716.3856,323048.9048,324811.2588,326450.7706,327118.4391,327264.7647,327065.3153,326953.1635,326970.2902,326944.4668,327362.9115,327797.9255,328100.9276
30,9,Michigan,119044.6439,119594.4662,120354.0919,121280.9662,122338.7362,123278.9318,124072.1068,124807.8169,125539.9297,126295.5942,126920.3514,127593.2696,128454.9669,129366.6516,129999.4592,130645.803,131344.3748,132244.2367,132761.8126,133225.3908,133699.3152,134387.2478,135183.1612,136095.3371,137086.581,138065.7665,139087.6775,140073.5744,141048.242,141983.8847,142949.9112,143775.5538,144511.1746,145205.4781,146094.5317,147046.5782,148102.8363,149096.9375,150393.0055,151573.699,152752.2919,153529.1488,154474.7072,155137.5964,155761.813,155862.6523,156207.3039,156777.494,157866.3366,159211.6297,160667.9878,161954.1797,162949.4586,163678.9739,164042.0108,164185.6801,164214.8436,164677.9291,165473.9917,166289.841,167185.6288,168327.8372,169718.1347,171026.0548,171661.6607,171880.1792,172121.4277,173065.61,175079.7066,177551.1786,180364.3853,182929.2695,185566.2857,188451.1806,191517.0072,194666.273,197892.5003,201234.2214,203748.2016,204837.4521,204649.9201,204390.2736,204719.4852,205544.8334,207629.9085,210846.0508,214904.3725,218832.9619,221813.7931,224080.7398,224639.111,223993.4329,222498.5811,221491.2383,220749.7748,220219.5968,219825.292,219830.921,220416.4885,221536.2476,223162.2339,224819.2084,226107.7814,227269.5216,228172.2898,228890.8926,229319.2376,229573.7866,229902.9127,230804.0486,232610.0854,234828.8381,236421.0745,237355.5472,237648.7006,237935.2225,238180.4341,238760.7244,239384.3225,240302.3891,241293.1699,242275.5874
40,10,New Jersey,294010.0196,294106.4684,294539.3695,295017.387,295775.5384,296305.0774,297062.2064,298025.4066,299427.4197,301088.7525,302547.2007,303801.0596,304714.2639,305317.4935,305494.9724,305827.1239,306404.8139,307259.085,307892.5055,308295.912,308453.7,308721.2726,309135.0653,310109.6923,311020.2791,311990.3005,312753.6681,314005.449,315468.0373,317029.9156,318186.5085,319022.2641,319815.1546,320819.0811,322059.3777,323202.7192,324267.2538,325210.9062,326557.3165,327837.318,329226.3598,330396.0161,331934.6716,333235.1674,334188.4674,334595.8604,335226.2328,336018.5128,337076.7464,338365.9629,340072.5264,342014.414,343499.6303,344572.5346,345101.5547,345546.4686,345765.3669,346399.4166,347653.4595,349304.3412,351416.5619,353447.4159,355997.5007,358463.1823,360290.0717,360990.1164,361039.0911,362006.4061,364963.1353,369544.8673,375185.0702,381171.5227,386750.6381,392420.5208,397659.1437,403013.0423,408268.553,413471.6099,418115.8354,421212.1638,422977.9992,424512.4305,426881.4064,429864.2168,433751.4708,438339.8202,444187.9526,450237.9619,456369.7802,461515.1055,464403.0431,464554.6315,462967.3235,461816.5941,461289.417,461571.1951,462934.9283,464334.5101,467003.3387,470672.6496,475932.3757,481027.9718,485132.444,488612.9046,491611.6283,494505.7947,497347.3166,500042.7283,502561.2767,506110.6511,511029.7605,516624.419,520938.636,523901.7372,526485.2578,529585.579,532964.915,535961.969,538330.7536,539919.0144,541155.196,542608.4987
56,11,Virginia,233197.713,233553.3441,233910.7278,234291.4473,234783.6002,235247.8991,235850.2205,236588.9656,237437.1474,238348.3325,239132.8271,239926.529,240801.7515,241531.8481,241858.5548,241884.5198,241914.0948,242204.8489,242487.3627,242839.4782,243326.8155,244134.3654,245146.1574,246224.6764,247253.9886,248232.3903,249075.3827,249913.6861,250567.6037,251186.4373,251653.5721,252169.5447,252791.7434,253691.6243,254679.7049,255714.1345,256594.0174,257448.2255,258474.8369,259325.6884,260071.8637,260368.4725,261046.1887,261767.1258,262669.1573,263213.846,263767.6416,264311.4849,265048.3383,266116.6998,267501.1377,268875.3957,269798.7309,270394.5985,270834.4792,271452.0631,272160.7198,273089.648,274322.6977,275837.2202,277480.2493,279070.9012,280555.9172,281801.0566,282463.7751,282886.3364,283660.9556,285535.2621,288623.686,292456.7659,296598.5253,300552.4175,304169.9179,307761.6912,311409.6743,315319.0088,319477.4043,323576.3187,326668.4823,328301.345,328656.2346,329121.7343,330446.332,332791.4808,336575.0731,340931.1329,345881.9035,350655.7123,355047.6902,358752.9043,360597.9418,360734.1622,359537.8746,358717.38,358480.0502,358603.7447,358616.8204,358876.3245,359731.5152,361539.0514,364110.9073,367079.2017,369730.0525,371964.4665,373789.0497,375127.7239,376150.201,376909.0911,377515.1942,378569.8983,380638.1089,383440.8119,385960.6876,387472.3716,388382.5136,389304.1121,390424.3942,391835.9967,393067.4817,394425.6157,395499.7041,396355.6485
59,12,Washington,262503.1229,264845.0661,267038.8385,269085.2078,271091.6078,272997.5608,275014.7637,277066.2189,279421.5216,281995.305,284868.3189,288065.2116,291568.0264,294874.9043,297588.8779,299961.5516,302239.5574,304557.2098,306544.5815,308343.8905,310184.5323,312395.0051,315044.0813,318167.4969,321512.1201,325088.3513,328690.222,332246.2261,335304.2827,338162.1195,340765.7194,343378.0374,345851.9664,348194.0397,350617.5653,353373.9973,356583.7396,360116.502,364147.0565,368064.2273,371910.2634,374821.9697,377901.7449,380320.4344,382071.8963,382809.3918,383271.3032,383910.6944,384634.538,385799.2539,387626.6159,389613.9576,391345.0189,392696.3173,393885.3171,395166.4193,396389.1636,398210.0438,400663.2985,403780.2112,407221.218,410988.4203,415199.5963,419397.6369,422064.8626,423482.0312,424688.6397,427853.9612,433549.612,440771.204,448880.1291,456645.2025,464184.174,472351.6777,481448.0782,491792.3404,502358.9107,512270.9984,520323.4897,525234.7297,528065.2029,530083.1342,533147.2571,537541.1139,545556.2063,556826.6606,571028.8003,584584.4217,594870.3373,599918.9316,598240.1298,591627.2118,582787.6106,576114.1724,571618.8764,568246.4644,563849.5494,560207.1818,557940.3779,557877.0476,559155.9975,561595.6941,564512.8193,567591.1006,569929.2283,571583.3288,572460.7679,572960.8834,573418.4513,574500.385,577124.4983,580611.8813,583756.6169,585092.7655,585639.2665,586147.2505,587757.5084,589938.3371,592297.91,594534.0032,596041.5209,596514.4611
8,13,Arizona,193990.6058,194677.2398,195625.75,196768.8092,198136.7296,199499.1772,200935.3898,202409.8286,204064.9678,205762.5777,207484.8049,209102.6125,211089.0339,212958.8724,214418.9201,215298.6173,216050.6663,216909.5241,217820.6644,218684.3331,219830.1934,220967.0256,222133.562,223201.2648,224484.1313,225970.7072,227584.3153,229056.6519,230342.5592,231666.9499,232962.5402,234343.9549,235711.2981,237098.5398,238328.0326,239552.0074,240968.0382,242593.966,244272.0444,245727.0384,247316.2146,248948.1308,250949.2299,252808.6477,254570.9751,256007.4849,257329.1676,258495.1538,259788.662,261352.2331,262875.2474,264163.6805,265108.7501,266079.9193,267059.4299,268260.7003,269674.4864,271354.4435,273316.9665,275368.205,277849.0987,280562.8925,283642.1801,286426.9196,288361.2809,289689.4555,291249.2586,293966.5828,298253.6976,303327.8037,308937.962,314415.7865,319811.2794,325416.2159,331973.0052,339645.056,348801.7142,358867.8797,368896.2006,377713.9354,385043.3574,391554.3961,397755.5375,403577.7303,409633.6726,416521.9616,425030.3507,434588.6847,444067.6787,451994.7089,456005.4507,455127.5499,449927.0059,443472.3764,436471.2606,429590.3454,422715.711,417340.3609,414163.2427,413074.5551,413657.5725,415399.5598,417805.3917,420416.5638,422587.4544,424393.4757,425738.1301,426416.1104,426693.2447,427220.6937,428507.7442,430083.071,431332.4503,431590.3106,431220.9922,430419.6328,429718.8379,429149.149,428614.9179,428196.3265,427443.975,426236.673
26,14,Massachusetts,327239.6275,329186.5124,330950.7412,332400.4827,333716.268,334814.0826,336106.1571,337806.3238,339999.0047,342257.7576,344291.3784,346416.7474,348675.3626,350723.3039,352212.8392,353762.1484,355484.4162,357299.3545,358631.3891,359552.4956,360807.6473,362656.2998,365167.0838,367685.6527,369958.3648,371908.3554,374043.1452,376510.75,379028.2896,381305.3247,383267.5383,384887.1693,386758.7936,388507.262,390408.6678,392091.6832,393970.8771,396016.9991,398484.6864,400952.5929,403550.8983,405768.4736,408030.7595,409923.6205,411576.9646,412307.5103,412529.9686,412168.445,412041.4615,412537.7357,413636.2817,415316.0119,416501.5783,417549.1162,417946.8005,418133.7607,418059.6022,418670.3925,420070.3904,421700.038,423790.7336,426161.4814,429127.404,431716.6476,433266.2744,433963.5745,434766.322,437229.101,441949.2303,448230.0447,455536.5361,462848.487,469461.0283,476001.316,482609.3822,489956.2941,497622.0368,504874.2652,509795.5176,511463.8278,510873.8558,510486.6298,511388.269,513444.9579,518528.3902,526558.2689,537361.5142,547456.0838,556103.5225,562537.2353,565518.0311,564497.2016,560443.1645,556987.0557,555037.611,554546.7342,553682.0701,553007.6476,553554.8862,556859.3205,562113.6083,568149.975,573927.4818,579585.8235,584674.4982,588964.5694,592253.5837,594782.2579,596407.6888,598393.9118,601961.3087,606905.9045,611338.6729,614035.2635,615931.9239,618019.0817,620295.6664,622207.6538,623746.4684,625526.9595,627125.3091,628654.3617
53,15,Tennessee,142745.1242,143302.5317,143933.798,144692.976,145557.9345,146454.9049,147404.7108,148294.3645,149220.4303,150205.4087,151130.5107,152106.4513,153117.2512,154105.5563,154782.4081,155361.4175,155887.5644,156559.8903,157214.0938,158054.2043,159111.1275,160418.8258,161875.5274,163320.867,164510.8254,165327.1382,166003.5815,166849.5698,167763.2101,168618.0463,169436.2873,170382.428,171537.8072,172799.6263,174123.0309,175339.0117,176475.727,177450.4206,178596.3186,179581.6437,180569.3668,181325.8749,182353.2821,183406.7008,184416.3876,185076.6501,185698.157,186482.8123,187615.5526,189044.6066,190571.4145,191872.196,192932.1064,193994.2286,195067.3923,196201.4874,197210.5357,198399.9084,199825.8297,201371.7391,203097.2342,204664.7689,206187.212,207470.5891,208382.4247,209075.3361,209832.6043,211239.052,213616.1434,216498.9328,219644.6634,222506.1333,225370.9211,228455.312,231729.6856,235294.1522,239369.7752,244399.7061,249455.4531,253380.9637,256020.827,258575.7034,262122.4126,266341.822,271572.5976,277517.6537,283506.6785,289302.2873,294071.4126,298427.8019,300942.6385,301778.2831,301073.7226,299926.1957,298706.7243,297514.457,296344.0084,296025.2349,296679.9786,298283.5496,300030.2083,301990.5863,303573.8379,305118.7724,306336.6643,307355.4157,308167.0542,308569.5849,308669.9734,309032.3623,310331.5468,312257.6152,314141.6875,315109.7533,315484.1544,315262.3475,314941.7307,314792.2364,314696.8657,315199.0254,315874.3516,316500.8143
22,16,Indiana,117814.0084,118063.3891,118334.0464,118745.0791,119251.5504,119818.6247,120329.1438,120883.7633,121330.6249,121763.7093,121993.1098,122386.8067,122852.8476,123484.3207,123873.0958,124337.5756,124845.2782,125516.9242,126032.0708,126509.4274,127046.96,127717.9035,128405.0892,129083.7764,129608.3965,129973.387,130326.2263,130916.7468,131672.8069,132432.702,133171.2195,133914.8059,134665.3758,135394.2664,136270.2207,137086.7686,137839.6819,138498.2602,139435.0691,140424.8838,141434.0927,142231.9258,143034.7371,143805.7933,144640.9552,145352.4115,146152.0234,146862.528,147760.7222,148691.1594,149830.9659,150788.3078,151497.8984,152058.9622,152656.3396,153359.1873,153994.3296,154711.4249,155604.4398,156641.8154,157797.3984,158939.4072,160180.486,161374.3382,162238.968,162755.4527,163247.1142,164115.9635,165707.5935,167798.4048,170423.8529,172980.0938,175338.8484,177711.3314,180426.8084,183350.7374,186378.7041,189413.7449,192050.3482,193762.5021,194532.6659,195351.9502,196709.3559,198438.4042,201068.1369,204500.3392,208456.8312,212156.6832,215016.3741,217489.7701,218697.4861,218922.6581,218272.5464,217794.2434,217660.8199,217741.6417,217558.8478,217670.6465,218169.6851,219556.0272,221232.0313,223092.9695,224580.1488,225767.8776,226561.6037,226990.9653,227109.3734,227080.3812,227560.1692,228568.7152,230288.4166,232083.0173,233561.9674,234398.6718,234806.5273,235175.0936,235617.1584,236235.7363,237000.7932,238196.6432,239535.7462,240713.8298
27,17,Maryland,267970.8528,268072.0357,268555.7948,269390.8075,270201.2809,270760.2319,271361.43,271938.6665,272692.5053,273524.2367,274500.3619,275602.9718,276762.5479,277569.0737,277698.9107,277655.2664,277840.4645,278523.969,279143.6124,279400.684,279730.1652,280392.2694,281629.0503,283037.7933,284399.4391,285665.0222,286679.0129,287786.8502,288618.952,289143.0028,289344.2009,289664.799,290522.5944,291610.6731,292752.2446,293885.2374,294911.2227,295770.6781,296758.6728,297582.8263,298524.0493,299011.5523,299849.636,300591.8794,301489.6344,302075.1459,302623.9216,303132.002,303804.8945,304950.1807,306551.0663,308247.244,309408.5914,310174.3099,310722.9851,311315.3806,311763.9091,312261.2455,313118.2443,314302.3692,315804.4747,317490.0885,319255.3327,320827.133,321508.084,321629.9654,322028.304,323549.0132,326538.2155,330326.7057,334636.7857,338799.8127,342655.6088,346857.0575,351489.7513,356511.4098,361405.7488,365735.1714,368759.0443,370183.929,370285.1779,370650.0501,371736.1731,373703.5565,376609.8433,380204.9658,384660.0882,389115.8483,393269.1403,396239.5537,396910.5286,395428.7851,392825.8266,391150.3634,390270.3525,390128.2789,390492.516,391361.346,392693.2157,394422.0735,396771.4948,399391.7112,401415.5105,402920.1731,403701.0636,404183.0362,404192.1364,404209.1231,404280.3872,405301.7669,407601.0883,410548.6849,412784.3642,413434.4059,413188.7931,412988.3528,413683.8492,415065.7037,416552.2378,417917.2346,419069.1993,419949.2162
32,18,Missouri,127756.5423,127994.1168,128293.5021,128783.7047,129466.8155,130097.9145,130794.5383,131560.4392,132356.827,133127.3466,133706.5419,134391.0603,135174.076,135975.9057,136406.3034,136671.328,137024.6693,137592.5266,138048.8475,138390.4595,138768.628,139354.6263,140145.6901,140991.4156,141822.2879,142669.8976,143486.743,144283.4242,144885.6376,145406.4096,145840.9268,146261.6032,146765.1899,147367.5192,148056.2747,148723.0191,149442.3778,150294.9473,151439.4773,152523.439,153413.3601,153839.8893,154205.0368,154607.7846,155239.9191,155764.4142,156395.3934,156904.5191,157619.8208,158451.8677,159490.4877,160413.9178,161065.7029,161607.51,161993.9895,162317.5237,162448.2367,162925.1483,163670.9997,164650.2515,165629.4858,166710.4185,167922.6577,169014.7721,169741.3582,170139.378,170878.5614,172282.0687,174660.3446,177354.443,180234.372,182697.665,184826.6603,187042.4091,189683.4512,192829.5958,196154.2733,199364.3033,201690.9033,202882.1218,203136.17,203622.2319,204814.4341,206606.781,209340.3049,212837.2344,216967.6285,220905.2733,224100.5394,226861.3968,228372.7353,228680.5995,227865.8026,227159.6047,226755.4496,226589.7215,226236.018,226132.9767,226640.9963,228111.0199,229967.6399,231821.2426,233257.0207,234521.9552,235455.5031,236031.5292,236214.8891,236231.1001,236394.1495,237044.0519,238161.5376,239512.1547,240459.7945,241058.6119,241524.9098,242124.2274,242708.1208,243286.4033,244041.7003,245192.6229,246308.1546,247098.7259
60,19,Wisconsin,155037.184,155540.9158,156124.2298,156797.9345,157555.6943,158206.0272,158699.6234,159145.6718,159567.6079,160193.444,160840.4956,161766.7577,162735.0325,163621.8703,164187.6618,164802.04,165429.1241,166128.2642,166420.4512,166784.6898,167358.1398,168327.1289,169400.5093,170483.3294,171461.8607,172236.7286,173002.4903,173828.7306,174718.6462,175592.5635,176454.8311,177188.415,177931.867,178760.0269,179759.2746,180695.2598,181482.0196,182321.0463,183518.6067,184811.7447,186055.0852,186954.7487,188193.146,189240.7203,190180.894,190452.7156,190902.8996,191588.5481,192749.4848,194245.8354,195871.3875,197194.5131,198161.8022,198913.8907,199696.9684,200457.6165,201111.8435,201862.0588,202786.4745,203841.3239,204982.3394,206063.1031,207287.1779,208555.3419,209575.1349,210261.551,210932.7398,212374.8415,215003.4642,218276.1129,221488.1132,224236.1166,226518.4393,228741.7174,230876.3114,233517.2999,237124.5182,241381.4659,245170.5126,247098.8573,247457.4255,247236.9829,247639.1086,248693.0828,250778.0743,253505.8015,256798.8447,260738.2416,264566.0633,267879.2801,269248.9048,269067.6996,268187.4155,267612.5982,267601.2176,267923.0097,269295.8738,271003.5879,273531.9922,276255.9702,279152.4534,281168.1675,282230.8192,283397.9349,284686.7126,285459.9549,285695.7744,285413.9319,285430.3736,286317.9666,288642.8771,291772.2707,294008.2274,295533.4764,296388.3701,297299.5943,297960.0927,298872.6247,300013.5843,301385.67,302756.5453,304117.5994
10,20,Colorado,268605.8307,271911.47,275125.0949,278136.6796,280899.569,283564.8436,286369.4128,289336.5246,292460.9942,295399.7363,298237.0532,301004.9213,303852.3253,306593.827,309279.0752,312134.2278,314944.7783,317588.6683,319782.2221,321548.985,323180.561,325100.2449,327609.6893,330567.3127,333436.5703,336485.9629,339560.6068,342721.8805,345382.1949,347421.3015,348792.7745,349902.0635,351212.1377,352945.4841,355090.0349,357672.9144,360467.4889,363292.7375,366049.2702,368513.6102,370868.7554,372647.2621,374606.601,376233.5297,377841.413,379058.1779,380232.6793,381539.6369,383026.114,384956.4428,387056.2615,388934.9464,389926.1285,390528.1726,390976.7002,391769.9068,392592.1168,393825.3163,395531.481,397556.8402,399828.4071,402358.939,405271.5174,408043.7088,409366.559,409561.4312,409723.3737,411465.6229,415250.9687,420304.4233,426070.6238,431715.5253,437147.6331,443303.2276,450777.6962,459474.1197,468879.115,478114.8061,485821.91,491131.4778,494437.558,497835.2447,502423.0391,507987.3964,515499.4343,525141.853,537128.7347,548927.5008,558531.3007,564380.634,564980.8518,561185.4851,555120.4786,550219.9124,546444.5949,543238.8278,539644.8479,536531.6674,533904.8729,532509.6138,532387.9713,533824.8382,535921.4103,538199.7539,540069.6471,541248.6622,541556.096,541356.4859,540938.2561,541029.0659,541759.1779,543079.7904,543866.3064,543675.3913,543375.3309,543522.4623,544449.6978,545328.5919,546233.1223,546933.4997,547072.0698,546004.159
31,21,Minnesota,186192.4889,187132.2393,188220.4016,189366.7569,190478.2537,191401.0214,192205.1696,193003.1759,193925.7062,194948.7484,195995.7122,197237.9837,198699.7363,200180.7004,201430.6089,202603.3161,203521.2562,204395.6779,204939.1714,205528.5324,206299.4257,207317.5075,208554.6747,209918.5697,211406.0347,213004.568,214608.2004,216363.2021,217956.0065,219294.0505,220175.0841,220771.6838,221285.6286,221955.6263,223003.4654,224424.8584,225924.7284,227506.904,229359.5505,231235.2061,232900.1697,233883.7455,234978.6618,235906.698,236823.2206,237276.1801,237772.7799,238488.4846,239638.1753,241249.7157,243061.176,244612.0719,245581.0434,246273.8564,246761.1372,247230.8817,247497.216,248033.5491,248991.8158,250294.9336,251853.5013,253587.388,255483.7314,257177.885,258055.1854,258265.1267,258287.5315,259082.8543,261151.5846,264171.4636,267699.4489,271181.2806,274380.6666,277631.9885,280873.9705,284483.8153,288557.6299,293002.205,296877.5004,299023.988,299548.9673,299611.9713,300404.3666,301821.4436,304496.7386,307977.2166,312334.6957,316750.8012,320563.6387,323413.8515,323964.5693,322681.6035,320303.8933,318670.8363,317652.0578,316802.2021,315888.9448,315401.141,315656.942,316601.3755,317950.8134,319512.1914,320827.52,321901.6615,322654.2199,322795.5868,322708.5019,322317.7322,322063.0256,322285.2842,323432.5552,324851.5603,325633.6934,325464.5415,325119.8971,325295.1169,325918.6175,327076.1614,328235.4111,329914.4395,331335.0463,332386.1996
51,22,South Carolina,147401.3238,147835.8981,148409.3171,149091.6872,149893.8651,150679.948,151490.4384,152285.4901,153075.8562,153973.286,154824.5633,155740.9509,156682.0876,157533.6746,158053.9349,158480.9419,158867.5878,159442.0875,159900.4669,160464.2385,161182.5065,162103.158,163012.0349,163765.9786,164230.234,164602.365,164982.8442,165696.1643,166366.973,167058.8698,167663.2715,168390.1565,169243.5491,170122.253,171117.2315,172048.2074,172940.938,173791.652,174823.1465,175643.3004,176351.7644,176813.6731,177624.8606,178574.1849,179596.6376,180263.3954,180873.998,181452.8642,182246.3357,183059.9238,183996.9955,184831.6682,185625.8149,186399.6328,187147.9106,187884.8488,188438.0467,189153.032,190132.5783,191297.5721,192542.5712,193572.5235,194663.3359,195663.43,196526.4605,197277.5027,198272.8374,199818.4348,202129.4428,204814.3349,207716.1368,210446.0267,212998.4589,215619.6315,218330.0588,221172.6389,224484.9675,228368.1045,232284.9553,235371.0233,237614.8399,239911.724,242790.9777,246011.0535,250055.1377,254685.2206,259943.2443,265305.4914,270393.306,275182.8466,278484.958,280208.847,280350.1373,280310.3544,280207.4805,279977.0787,279379.7964,278840.9953,278949.5411,279755.5018,281059.3771,282738.8467,284116.2461,285334.6134,286188.567,286972.1887,287718.7296,288224.0036,288548.5167,289092.8709,290221.7023,291673.4874,292859.4403,293456.1537,293720.7177,293830.2201,293784.2254,293668.6329,293385.9461,293554.3464,293996.7124,294556.8568
4,23,Alabama,130057.1052,129949.347,130047.556,130532.818,131149.3813,131665.8149,132016.238,132341.3986,132627.8669,133027.7767,133399.9043,133934.264,134533.4873,135202.9493,135545.6655,135889.3833,136096.568,136432.0821,136496.6267,136668.1746,136964.1074,137464.9808,137958.1194,138456.2118,138885.775,139190.8902,139379.0874,139556.5837,139686.7234,139786.681,140051.3803,140501.5352,141104.8535,141726.5415,142375.1485,142950.0645,143461.321,143881.8367,144566.1536,145094.7649,145574.845,145737.2293,146157.9015,146663.2729,147265.0833,147542.4921,147956.1932,148480.4721,149375.9966,150441.6466,151678.1349,152645.6851,153285.0508,153799.2354,154442.2058,155206.3748,155794.8786,156556.2235,157594.0093,158927.4897,160168.4651,161203.2907,162264.5516,163368.5743,164302.648,165095.9017,165939.8637,167204.4943,169076.1074,171195.1718,173444.0239,175372.2062,177175.1383,179043.3488,181082.0083,183351.7819,185899.657,188810.8352,191697.0235,193950.9354,195406.3298,196796.289,198706.3389,200799.3991,203117.9045,205399.4648,207861.4437,210539.3806,212944.7804,215404.0238,216832.1017,217647.5972,217520.5352,217201.3137,216665.9914,216178.0631,215761.5549,215529.6403,215885.0853,216919.5476,218464.8883,219836.0792,220507.1251,220557.5278,220353.4635,220174.5748,220216.2021,220149.7239,219883.0263,219800.6863,220523.9653,221850.6693,223100.3179,223626.8981,223700,223562.7253,223442.4091,223580.2173,223760.9889,224386.3145,224989.2783,225538.7004
25,24,Louisiana,158485.7968,159412.5885,160144.8427,160973.756,161874.3052,162593.4211,163119.5346,163386.6807,163869.347,164646.109,165430.4817,166501.8204,167325.062,168020.0158,168042.565,168128.7213,168185.6933,168457.0202,168292.944,168235.5094,168080.8044,168295.5414,168227.9202,168203.0076,167807.4178,167515.1188,167137.8996,166888.9558,166474.8615,166186.3843,166246.58,166733.0434,167507.5075,168211.1625,168667.199,168827.6193,169170.3666,169538.5043,170226.8121,170444.9615,170411.2326,169760.1303,169523.4605,169464.9307,169719.7063,169428.2882,169431.7673,169645.3182,170466.1588,171656.2357,173133.3896,174457.1281,175396.9059,175902.4377,176382.4621,176694.0152,176833.9676,176961.7036,177461.078,178437.2304,179809.2039,181067.094,182029.3718,182796.5302,183047.4668,182953.1166,182794.1693,183455.7366,185190.7733,186973.0566,188259.1398,188770.6301,189119.0051,189827.0163,190716.0188,191629.8938,192548.4781,193755.4881,194711.8287,194972.421,194709.1172,194973.5194,196022.478,197407.1088,198977.3649,200492.2148,202270.3525,203948.416,205337.648,206682.1098,207341.8762,207167.3233,205818.3499,204356.3773,203019.3722,201820.3369,201009.9107,200421.0745,200780.6993,201227.5204,201613.9248,201227.4445,200357.7694,199326.5589,198299.1398,197377.1815,196611.8945,195963.5939,195091.5366,194862.3773,195155.1522,196049.6013,196588.3576,196501.277,195984.7569,195165.0968,194291.6417,193688.2628,193749.3273,194603.6927,195492.4409,196111.6386
24,25,Kentucky,108867.4991,109003.2942,109216.9006,109729.2642,110345.7272,110925.8452,111422.2992,111989.469,112524.046,113060.9087,113409.6574,113887.2737,114424.233,115009.2063,115277.8533,115477.1819,115748.8132,116301.1424,116687.8563,117078.4037,117506.3037,118164.8905,118837.1169,119406.527,119871.9611,120277.4812,120694.4391,121216.1451,121750.7623,122279.1302,122878.3808,123497.0793,124281.2334,124871.9124,125270.9165,125424.8914,125793.585,126588.5021,127781.4836,128811.2174,129545.0828,129915.5421,130496.9593,131138.9949,131885.8133,132255.4673,132736.2538,133245.5851,133944.2949,134697.7628,135522.3284,136291.7305,136828.232,137264.7812,137667.2061,138110.9924,138444.2158,139015.1537,139803.2874,140735.0504,141689.4712,142501.0295,143370.2528,144123.1422,144856.3988,145516.4051,146442.6558,147832.9623,149910.0139,152204.5617,154586.5344,156642.8244,158379.1728,159986.2361,161591.4638,163253.0176,165044.4287,167086.4002,168896.1326,170081.5077,170447.2864,170907.1554,171793.5548,173087.0505,175052.8737,177367.1956,179936.9615,182341.5838,184414.3102,186552.7242,188036.0535,188743.6183,188638.9601,188710.5779,189073.6978,189509.3687,189462.9192,189450.3827,189911.652,191090.082,192709.8959,194052.4337,194859.2849,195179.8994,195616.1887,196237.9453,196999.6398,197593.9515,197753.8618,198076.1852,198909.5862,200644.3142,202208.1115,203338.4874,203808.1875,204129.48,204063.1658,204336.7024,205040.3836,206915.8899,209207.2567,211464.5951
46,26,Oregon,245742.1501,247930.5969,249914.6179,251833.4564,253632.8081,255536.4556,257703.6363,260197.2369,262927.0035,266040.25,269131.0041,272530.7279,275806.2822,278866.1559,281462.9168,284129.9395,286985.6389,289847.509,292339.8155,294502.2167,296461.7752,298665.3806,301159.6501,303996.2961,306664.6667,309289.0081,311785.6133,314290.2158,316439.5906,318426.9531,320079.3553,321710.3647,323160.0604,324587.5862,326064.5829,327916.6169,330216.6221,332808.1608,335596.8391,337995.1869,340020.5742,341190.6819,342437.93,343516.3487,344525.0062,345059.905,345505.9024,346393.8171,347731.6859,349449.6163,351130.0292,352444.6198,353124.2141,353663.9282,354057.3955,354648.5693,355158.0433,356079.1445,357638.8095,359734.3899,362506.0044,365326.1618,368291.6541,370602.2086,371615.845,371678.6718,371900.7935,373898.7881,377973.9204,383531.9634,390146.4686,397006.6733,403759.4604,410889.6169,418524.0924,426537.0395,434381.9748,441493.0856,447663.7927,452085.2356,455310.8509,458209.0276,461616.6082,465431.0121,470556.4685,477194.5179,485402.8848,493662.2488,500652.0625,505098.6001,505064.7533,501222.3496,495352.234,490810.6538,487413.1202,484516.7002,481195.0624,478581.6171,477254.7302,477592.587,479126.279,481431.7578,483553.4263,485304.698,486136.5294,486447.464,486127.1242,485771.1388,485534.5008,485718.3863,486648.0681,487729.6234,488639.0203,488728.293,488808.8121,488966.1821,489739.1129,490787.0157,492174.4112,493654.4877,494695.5389,494835.9762
45,27,Oklahoma,115425.1856,115772.2391,116036.4761,116398.2892,116825.5823,117068.4411,117307.1137,117556.6005,118029.2202,118345.778,118344.7987,118000.3732,117937.3156,118354.2888,119036.3396,119718.8973,120274.8634,120758.3156,121055.0216,121288.7423,121515.4057,121910.2576,122177.1166,122262.473,122215.2823,122398.3022,122729.1419,123068.4596,123329.9496,123587.8225,123827.6119,124087.6681,124443.5984,124902.6166,125356.1016,125802.8165,126330.3005,126795.974,127325.7033,127780.2369,128121.5165,128151.3498,128267.6663,128462.7998,128914.5034,129264.9793,129912.4392,130620.6883,131126.9352,131544.6216,131931.6735,132423.6339,132826.723,133356.3666,133940.4946,134463.6597,134741.9626,135244.3752,136112.378,137351.574,138803.8143,140033.9694,140920.617,141399.0134,141534.5063,141685.348,142114.6859,143176.2423,144872.8199,146801.0969,149050.0279,151256.6525,153332.5239,155230.0922,157075.6057,158893.8921,160784.2144,162854.6716,164619.2511,165989.5499,166837.1277,168168.2338,169882.8163,171879.83,174361.7392,177093.5481,180061.6552,182610.5945,184741.7524,186775.6886,188335.8205,189279.3873,189634.3804,190009.2597,190585.4953,190932.0767,190743.7397,190488.9277,190689.7842,191533.7798,192715.3334,193828.6475,194600.77,195004.7022,195230.879,195668.0761,196259.6087,196878.3731,197234.3195,197646.2356,198327.9527,199330.9763,200127.8427,200609.0007,200827.1519,201206.1771,201475.9673,201894.5521,202376.1758,203345.3602,204257.2726,204860.6701
11,28,Connecticut,233156.9914,233126.0466,233425.0603,233844.5086,234352.6471,234556.1592,234874.8081,235199.6193,235626.8308,236042.1459,236447.1551,236630.959,236897.8286,236903.2879,237004.8928,236931.0998,237215.4934,237516.8328,237633.1302,237641.9152,237642.3957,238036.9014,238555.7489,239403.5617,239925.5619,240296.9845,240644.2496,241441.0317,242409.0397,243255.5306,243954.0035,244371.6146,244766.4701,245184.9849,245989.3655,246845.7847,247570.8278,247926.5567,248341.7208,248481.0429,248667.5575,248588.8094,248790.5354,249059.2659,249491.7546,249759.9774,249951.1404,250052.2785,250195.7765,250545.782,251072.1253,251625.3031,251900.3258,252049.6176,252233.7732,252502.0594,252574.9699,252803.9289,253321.841,254161.2255,255294.4018,256508.6609,258193.1847,259820.0439,260731.8041,260886.9859,260940.8514,262147.0762,264869.0015,268874.781,273727.7956,278778.8225,283549.8013,288152.6502,292635.7829,297065.4452,301679.6941,306307.0247,309718.9415,311131.5146,310577.2601,309993.3226,310214.9544,311756.3517,315367.9987,320530.5513,326726.2819,332550.3529,337905.0601,342466.8285,345352.0948,346020.8381,345263.1293,344641.1364,344947.3068,345572.3471,345848.1405,346637.7377,348328.2802,351400.2243,354832.4051,358792.242,363333.3641,368308.7786,372864.9263,376329.2763,378904.423,381040.6015,382892.4277,385190.1917,388457.5916,392089.9469,395152.6384,397029.0998,398519.8128,400024.7382,401756.3657,403239.4054,404241.928,405153.1628,406170.3152,407391.2552
55,30,Utah,228866.5459,230177.0556,231649.3642,233157.6,234754.3405,236472.88,238406.5676,240656.5688,242949.1917,245155.3728,247124.8768,249147.5482,251322.5294,253332.8311,254918.4924,256461.8619,258208.2362,260213.2878,261988.4112,263492.9669,264860.7635,266292.0913,267832.8138,269484.7677,271308.931,273437.7314,275827.6628,278254.4266,280448.5975,282577.1187,284520.0174,286500.5599,288451.0446,290374.2936,292344.3801,294481.8675,296853.9488,299338.2257,302014.7189,304353.2895,306565.4194,308478.556,311119.7173,313722.3876,316222.9563,318120.3798,319994.9765,321668.7908,323792.8922,326274.6754,329044.7697,331220.4131,332621.0038,333522.2152,334387.1901,335515.2677,336972.786,338836.4071,341207.8497,344010.8757,346969.7138,350131.7636,353482.4655,356624.7643,358503.7987,359532.8814,360778.8339,363712.4225,368670.9905,375051.3834,382338.8471,389753.8707,397192.9898,405313.7206,414324.0311,424424.8111,435642.6325,447001.8189,457377.2072,465417.4133,471410.1258,476321.7927,481101.969,486364.6408,493807.311,503581.0249,515585.9689,527506.0163,537243.9315,542790.8265,542279.5194,536950.8905,529177.0747,522530.0144,517152.0639,512854.2352,509047.6972,506128.7986,504013.0223,502750.6449,502461.0559,503520.5128,505187.0103,506965.7408,508127.3936,509629.7021,510698.0675,511148.1018,510722.1053,510865.9084,512186.8134,513735.1719,514598.0027,514258.6612,513366.9079,512796.7725,513459.5088,515264.2695,517856.7071,520464.3144,522618.3839,523712.0542
19,31,Iowa,126670.6981,127387.3677,128101.8432,128907.5343,129601.5422,130150.2693,130536.5051,131092.9061,131663.1103,132336.3903,132947.6304,133804.546,134774.1781,135737.4155,136174.7876,136275.2703,136144.1984,136236.6032,136254.2214,136412.6273,136738.2578,137328.7848,137914.1904,138357.4697,138753.457,139144.7358,139475.4201,139820.8353,140219.226,140643.5651,141079.3203,141430.9189,141831.32,142327.6835,142845.093,143247.9186,143594.8999,144114.444,144843.9831,145468.3084,146034.2986,146517.4392,147252.7557,147767.9747,148300.8472,148557.2405,148999.0244,149409.7752,150060.02,150978.2298,152060.8239,152950.0666,153626.6288,154199.817,154640.7563,154960.3365,155222.4357,155909.5563,156685.9104,157464.1569,157757.0721,158045.7673,158384.6274,158920.7901,159470.4257,159941.2935,160620.4743,161557.1183,163206.7187,164995.2246,166726.7785,167920.0224,168822.8939,169855.51,171139.006,172795.8019,174700.2034,176758.0278,178596.9686,179744.8263,180308.4071,180888.1785,181837.6274,183062.4065,184900.5218,187115.7807,189819.0302,192485.2584,195167.2862,197553.4969,199018.0349,199443.1402,199264.0089,199344.3072,199626.4731,199731.7503,199275.2078,198810.728,198929.2622,199938.9421,201415.5853,202931.905,204075.6094,204879.016,205310.1302,205619.0675,205799.2564,205892.2719,205934.4905,206354.0749,207517.9644,209142.85,210659.1684,211511.7496,211768.4204,211874.051,211962.324,212367.7485,213083.2491,214431.3186,215799.0999,216890.7218
42,32,Nevada,197342.557,198246.2233,199424.4538,200834.3087,202516.9443,204606.7457,206770.6791,208601.9761,210203.979,211627.6427,213325.705,214823.9547,216298.0024,217642.9554,218826.2888,220247.3964,221551.9539,223003.2389,223994.2675,224522.9964,225026.6342,225681.1906,226882.3273,228263.3385,230008.7432,232275.2655,234819.2106,237407.6396,239485.409,241586.4115,243833.4665,246506.0887,249440.9344,252534.4631,255531.9635,258620.2191,261470.3046,264280.8804,267075.939,269873.8975,272884.2789,275915.2563,279394.733,282872.1248,286028.9591,288553.4444,290541.1205,292048.4814,293294.9387,294618.1403,295911.4191,296978.4811,297311.2477,297588.6977,297830.7477,298345.4923,298651.6106,298931.1464,299416.5318,300222.5569,301746.4291,303437.0901,305315.8835,306634.3175,306973.8011,306757.5916,306804.5993,307993.3427,310191.3606,313011.6612,316608.671,320645.9986,324768.2877,329138.6242,334221.9939,340197.0685,347373.3078,355560.2525,364011.5403,371498.6425,377598.9715,382973.578,388548.6105,394028.3159,400755.3219,408758.9054,418597.4071,428655.3952,437726.1457,444848.5352,448355.5544,447729.9101,443175.1057,437323.2314,430789.3845,424696.8327,418686.774,413765.4375,410145.1336,408087.0326,407275.9024,407809.8201,409298.8803,411766.4585,414131.659,416312.7309,418239.0443,420102.9654,421680.2853,423398.772,425362.9053,427928.5378,430446.0164,432520.9565,434246.2789,435759.1476,437211.1624,438547.1537,439914.6003,441460.5416,442817.6913,443452.6837
6,33,Arkansas,120974.8042,121120.5598,121379.0033,121795.5329,122187.6966,122589.1618,123068.8955,123743.3104,124450.6586,125285.1128,125917.9247,126548.1465,127232.7201,127898.0394,128251.6716,128431.8358,128604.931,128940.1695,129104.1116,129432.6944,129825.739,130409.4836,130874.6069,131253.197,131557.219,131802.4489,132098.8744,132447.2777,132823.1514,133100.361,133463.9907,133809.8965,134324.5189,134862.258,135467.6043,136046.4365,136532.1482,136921.5676,137531.1427,138024.6415,138513.0506,138559.3103,138788.3572,138953.3642,139266.7601,139298.6466,139537.4209,139906.8443,140491.5927,141183.2496,141938.3791,142738.2976,143433.6116,144204.5162,144770.9571,145183.1599,145214.3874,145470.3482,145908.9652,146611.9253,147058.3418,147615.0161,148394.0962,149519.3856,150457.1591,151213.2867,152126.1203,153469.7444,155342.1335,157172.5158,158943.4092,160309.3803,161637.1933,163079.941,164812.2453,166735.6459,168892.6614,171410.1039,173999.6224,176229.8614,177720.9366,179116.229,180808.4324,182808.8637,185056.4499,187150.3452,189062.4931,190959.4833,192588.0028,194208.6452,195080.9299,195488.5019,195303.3947,195115.6714,194835.0637,194464.6278,193905.2573,193656.1153,194116.905,195297.6103,196888.3269,198224.8508,198937.5909,198938.4105,198878.2443,198918.2863,199165.6346,199292.1271,199260.527,199590.4274,200587.6433,202097.3341,203381.5143,204204.638,204628.3922,205010.6413,205090.2383,205190.664,205261.7177,205889.1661,206660.5488,207283.5874
34,34,Mississippi,115570.9443,116204.9943,116909.3231,117720.4053,118725.8074,119604.0664,120526.6931,121481.3658,122538.621,123354.4181,123628.2887,123709.4483,123938.0142,124419.1476,124619.3203,124688.5715,124793.2724,125182.3792,125512.0046,125742.7134,125942.157,126026.5609,126087.5914,126109.6349,126237.3428,126472.2259,126689.4571,126882.0046,126818.8096,126718.8233,126707.5929,126956.3259,127336.0079,127747.8887,127987.6985,128075.5906,128238.0568,128612.9698,129538.4978,130271.2643,130705.5097,130490.843,130165.1266,129927.6862,130065.4847,130309.3241,130978.1632,131557.0423,132077.368,132393.1793,132955.4214,133633.8291,134294.1076,134904.4714,135442.093,135782.7641,135754.8512,135947.7041,136267.1447,136793.7653,136948.6825,137229.6408,137888.0086,138799.738,139525.5682,139788.6946,140531.5711,141818.3924,143712.1949,145156.3663,146326.6792,147141.2625,148163.2664,149440.8435,150959.8948,152710.9465,154632.5978,156752.3242,158905.04,160786.6738,162113.3069,163538.3141,165570.3981,167744.463,169496.9936,170368.7696,171105.8087,171907.6638,172831.4549,174337.3577,175655.7354,176455.9467,176226.0827,175423.796,174465.2408,173478.6983,172237.7389,171044.5858,170104.8502,170446.6085,171574.975,172741.5205,173439.1086,173673.0129,173774.6052,173607.8895,172978.4502,172533.7043,172231.6262,172546.2799,173543.2366,174909.2129,175952.9959,176199.4664,175818.5749,175278.0127,174826.3529,175064.4327,175872.9537,177064.9026,178106.2905,179182.1292
23,35,Kansas,120243.175,120728.6993,121112.2432,121629.8036,122151.2542,122621.3954,123095.0786,123730.1438,124436.3755,125230.707,125829.3195,126504.8671,127085.9615,127654.5749,127882.4903,128008.1879,128116.4594,128375.8958,128483.9376,128579.9899,128743.5337,129107.8866,129696.0491,130325.6703,130970.2158,131461.1236,131886.7454,132391.5526,132838.0932,133153.3826,133439.8419,133752.6203,134179.2275,134596.8232,135036.5729,135592.4182,136239.2491,136983.3804,137838.0112,138592.8598,139306.4486,139760.6275,140312.5824,140768.736,141328.4048,141689.7346,142189.5281,142618.6333,143109.6782,143686.2377,144498.4383,145313.684,145904.449,146398.6938,146852.15,147429.1071,147915.289,148625.8356,149543.9595,150588.8353,151585.5514,152693.3129,153970.2184,155212.3021,155926.0302,156366.7547,157161.4322,158497.5327,160440.4902,162221.5147,164000.391,165449.3043,166845.7044,168353.0591,170260.1216,172521.2332,175122.0994,177785.2485,180054.8039,181572.0844,182335.9909,182991.3993,184022.7997,185372.4426,187614.7245,190266.2024,193386.7341,196294.6797,198944.7012,201297.1355,202882.0782,203603.987,203568.5991,203703.9679,204089.8284,204602.2906,204797.8288,204785.204,205121.2523,206132.2763,207694.0367,209368.7671,210767.7084,212008.2014,212971.7487,213578.6921,213719.5504,213480.4579,213352.161,213859.6225,215307.0025,217145.3353,218817.1346,220101.5683,221191.8762,222330.1766,223292.9243,224253.919,225190.3065,226477.2722,227385.7108,227853.9413
41,36,New Mexico,163885.9636,164084.7776,164463.2477,165095.4277,165690.7413,165950.0994,166166.0062,166423.5065,166895.4844,167376.9657,167568.2013,167738.2503,167898.688,168209.4273,168463.3582,168923.1112,169605.7081,170340.5343,170688.4355,170831.3342,170856.0842,171244.2827,171734.2777,172209.3601,172222.5386,172307.2034,172601.6213,173376.1518,174015.7442,174551.472,175025.0904,175414.6369,175817.4837,176199.6072,176779.0052,177363.4986,177805.6529,178285.9321,178936.8024,179564.159,180082.3104,180471.3348,181215.1337,182153.5541,183288.8873,184072.0356,184850.554,185512.175,186288.7198,186969.5458,187770.8727,188769.3731,189966.1084,191064.1755,191944.2431,192626.0605,193180.9187,193871.4939,194921.1405,196321.092,197777.7072,198947.0969,200140.2073,201376.3535,202502.1299,203610.5481,205088.8623,207188.8981,209986.5589,213046.3589,216062.0617,218814.9886,221505.6793,224640.8727,228007.8732,231551.1359,235062.7571,238619.1493,241755.3777,244203.3001,245751.8341,247093.0348,248855.3781,251136.0511,254425.4971,258718.4761,263931.1586,268956.1709,273044.8646,276503.5223,278699.0209,279473.8565,278831.1823,278115.8031,277642.8456,277568.7214,277427.8428,277622.5007,278307.3069,279888.111,281926.5423,283869.4938,285475.6716,286996.0503,288313.1431,289449.9633,290306.0942,290837.6225,291333.2702,291931.5775,293455.0713,295231.9204,296680.247,297129.7237,297260.2476,297564.4127,298305.8149,299183.3342,299984.5628,300989.3065,302024.1279,303012.9846
38,37,Nebraska,135292.8575,135797.3386,136318.6159,137035.9641,137787.0692,138532.9548,139189.5138,139977.3874,140751.806,141607.3717,142248.272,143046.623,143875.6625,144781.651,145391.1686,145878.0668,146265.9473,146764.653,147174.3518,147573.244,148061.2103,148687.6721,149442.2151,150136.4436,150784.9983,151361.5524,152063.4509,152928.3747,153855.5766,154802.4186,155648.8862,156358.089,157036.9462,157790.644,158641.6306,159421.0644,160194.5275,161041.6515,162047.976,162943.8625,163779.5648,164489.3938,165398.3134,166221.6339,167058.6791,167522.0696,168071.737,168496.3016,169260.1573,170150.9258,171200.8326,172133.9267,172919.5808,173708.4488,174369.4962,175050.7241,175669.1585,176503.3571,177463.2264,178512.4966,179487.4649,180421.1042,181352.3444,182249.6543,182908.7491,183492.6659,184392.7181,185927.33,188200.0316,190625.6706,193098.257,195282.3623,197461.5455,199820.2583,202497.6292,205487.2125,208682.0586,211810.4606,214070.1595,214974.504,214618.5635,214293.1529,214721.2524,215915.5835,218342.1925,221788.1585,226161.1816,230434.3258,233934.2352,236621.8851,237920.7153,238025.9693,237302.0336,237000.7324,237261.422,237948.0135,238119.195,238495.9996,239292.4717,241026.3415,243079.1805,245173.3884,246838.0357,248066.7579,248640.7265,248774.3104,248806.1686,248934.9765,249456.0233,250321.4524,251697.6413,253083.791,254118.9171,254505.0545,254694.9626,254924.0764,255405.4973,256118.8681,256925.8067,258127.8522,259166.0871,260027.5299
20,38,Idaho,177996.7573,178838.3274,179958.3306,181158.9247,182521.6775,183788.0571,185023.2336,186206.7303,187464.8909,188668.935,189588.0541,190517.0288,191886.4978,193469.7576,194985.8376,196340.7623,197832.6093,199379.3046,200657.1014,201754.5383,202927.2632,204257.423,205764.7835,207332.2438,208901.4485,210618.1491,212323.9758,214153.5597,215675.2282,217230.1305,218650.3619,220012.7806,221464.9868,223097.3683,224947.9844,226820.6402,228783.7627,230909.0387,233504.187,236182.8912,238960.4927,241459.4021,244253.3447,247088.7043,249955.8147,252470.6949,254902.3057,257231.2154,259454.9554,261593.9205,263833.6322,266084.0046,268241.1302,270363.0986,272493.0583,274732.7578,276825.4989,279279.4647,282051.2943,285174.5402,288374.3434,291731.2244,295409.8431,299071.4669,302001.5678,304128.9239,306344.4689,309722.1892,315110.6039,322134.2677,330800.731,340502.5871,350953.342,362569.2501,375565.5579,389545.706,404058.7775,417179.5938,427800.47,434715.617,438959.5546,442276.5949,445643.2872,449448.8565,454131.5026,460170.6389,467589.0647,475577.0967,482055.6636,486063.8665,485348.3243,480613.5833,473128.2093,466056.604,459381.8119,453195.1242,447323.3472,442663.5525,439289.8008,437583.919,437192.321,438028.3308,439146.5431,440792.5343,442124.2449,443540.0037,443981.7903,443927.9205,443405.1586,443975.1789,445683.2069,447722.835,449016.193,449336.6084,449554.8586,450197.874,451234.5349,452248.2146,453165.8973,454413.2246,455585.1671,456464.183
61,39,West Virginia,101294.5007,101760.4663,102203.1315,102647.6745,103162.3348,103628.0448,104025.3324,104411.7838,104964.3624,105749.0739,106363.6698,106633.8006,106848.8961,107081.087,107122.7599,106938.5995,106721.2372,106626.9745,106437.4805,106278.8307,106351.2654,106469.522,106583.089,106598.655,106593.254,106735.1945,106941.7329,107410.3008,107773.3427,107854.0845,107630.9867,107398.1795,107563.3401,107939.8268,108435.0882,108658.8772,108915.7228,109184.5452,109972.3596,110876.3448,111683.4844,111919.9501,111825.0693,111641.3707,111832.4372,111978.3964,112349.3981,112605.8338,112855.4002,113130.1537,113427.7335,113698.2081,113781.0682,113869.847,114053.5355,114088.1254,113953.3302,113959.3686,114103.8004,114335.9684,114394.8838,114855.0939,115656.895,116696.56,117415.5569,117710.9938,117968.7287,118668.2128,120052.865,121906.1944,124109.0266,126224.2827,128289.2678,130240.578,132247.7086,133921.0188,135356.632,136841.3736,137557.9457,137433.8626,136323.89,135988.3691,136505.6966,137474.3459,139389.0805,141525.1882,143924.5575,145731.698,147110.9713,148445.0888,149053.3334,149124.2273,148626.4176,148430.8002,148245.4487,148463.613,148201.4784,147911.5578,147777.0813,148265.2184,149521.5662,150847.5489,151936.4398,152566.2816,152667.7126,152619.5164,152729.295,152960.6453,153159.4771,153659.0094,154879.3562,156484.4556,158004.7633,159089.0696,159999.55,160556.0169,160855.7371,161226.4156,161676.7398,162693.7505,163711.3911,164679.329
18,40,Hawaii,494176.5978,496814.6719,499135.6013,500669.4683,502437.0411,504376.3686,506990.1861,510056.0768,514147.9383,518264.7788,521287.9097,522682.7799,524329.5455,526498.6164,529281.4623,531302.5828,533035.6555,534625.1857,537102.4997,539958.107,543067.1695,546015.7069,548725.4352,551444.96,553983.132,556089.8577,558619.2945,561176.3447,563980.3007,566529.299,568996.7913,571723.7815,574680.2775,578016.7186,580805.5688,582920.0825,584662.95,586501.2801,589139.6388,591802.8943,595073.2358,597342.4548,599414.6798,600912.5216,602482.2406,603632.2325,604018.7971,604413.6461,604508.4083,604821.7597,605399.4369,606478.9694,607359.2286,607909.0348,608284.7428,608313.2178,608120.0767,607984.787,609003.4234,610566.5412,612896.6155,615336.5418,617705.151,619578.6235,619848.1499,619003.4695,618594.6585,620625.751,625445.1092,631465.587,638612.5545,645850.4318,652648.8293,659356.2981,666464.7691,675190.2794,685513.1103,697156.1843,707328.808,713983.9383,718849.9446,724927.4844,733463.5524,742552.6969,757383.1798,777027.5283,801278.3689,820973.472,836187.4666,845453.6075,849036.3677,846831.821,841342.0578,836689.0171,833632.3717,831117.0552,826518.065,821442.3538,817814.27,819225.9276,822254.4876,825433.1679,827403.157,829668.6187,831865.9264,831490.5564,830987.9326,830277.0091,830533.4787,830415.1983,833066.4151,838202.4414,842945.2198,843917.1707,843037.0821,842804.1459,844361.9513,845641.8143,845136.8429,843682.55,841693.1692,840256.0695
39,41,New Hampshire,217143.8876,217927.0148,218722.0978,219800.1936,220876.1653,221941.0111,223019.9585,224280.5611,225618.6307,226985.6203,228092.0823,229084.6625,229884.634,230374.0917,230558.7269,230929.126,231837.9553,233084.6446,233988.8623,234496.0646,234943.6205,235690.3743,236860.9761,238408.9271,239999.703,241525.266,242961.4633,244662.1649,246364.816,247969.5194,249348.6375,250555.5621,251560.5985,252669.1103,253909.4787,255363.4539,256784.9229,258083.6584,259770.1003,261482.4897,263435.9588,265044.9136,266727.7598,268060.3263,269029.1745,269500.8935,269863.5176,270278.9782,270602.9342,271179.6867,272133.426,273368.5886,274636.621,275955.0977,277504.2772,278923.4555,280001.2174,281028.8069,282332.8447,283741.9118,285356.5978,287027.5944,289115.1633,291116.6938,292730.8037,293938.2377,295325.5667,297912.6047,302266.5257,307777.9981,313856.0958,319834.7569,325547.119,331529.8907,337708.6229,344658.1364,351945.7076,359131.4145,364561.0443,366722.6973,366143.2029,364987.6663,365348.1326,367286.8796,372486.8981,380442.3094,390859.9669,401176.5309,409798.8368,416147.5176,418990.1681,419092.737,417705.5912,416960.74,417262.2546,417891.4634,417898.8359,418366.6011,419695.4167,422612.1331,426147.3069,430295.7777,434527.3858,439107.9048,443509.0375,447096.7891,449196.7489,450389.8142,451132.9462,452906.8325,456184.1547,460548.9826,464240.9296,466529.2089,467935.3681,469861.5893,472159.0574,474658.1418,476392.5003,478025.6536,479180.8344,480211.8177
28,42,Maine,177848.6444,178030.2194,178304.3205,178963.6258,179776.3651,180752.4181,181812.6273,182788.3746,183836.7777,184957.826,185937.5937,186716.9489,187220.3322,187786.4451,188050.5625,188527.9721,189238.8875,190410.2995,191322.4315,192070.5722,192816.056,193780.1337,194993.1386,196300.1736,197391.7519,198315.807,199200.555,200456.0502,201808.4908,203357.7723,204788.2312,206105.547,207002.3282,207792.7162,208598.5733,209503.0884,210443.3785,211236.4994,212421.2102,213825.1777,215374.8619,216698.1326,218197.6042,219843.5938,221209.992,221925.7557,222390.553,222962.4061,223531.8467,224107.3601,224887.5979,225764.7216,226327.2216,226798.8745,227478.6667,228645.0625,229675.2176,230910.4486,232306.7729,233702.7854,235179.3195,236744.216,238845.7086,241025.4045,242866.6349,244405.3465,246236.1789,249212.3769,253568.1081,258675.6878,264151.4614,269503.323,274469.5456,279275.2629,283898.775,288969.5863,294766.2853,301421.6095,307635.8107,311486.4794,312916.0191,313223.5848,314524.041,316628.0923,320614.2224,326181.0491,333399.1509,341193.5266,348292.8715,353905.3891,356320.2886,355654.8012,353289.8393,351296.1032,350349.1874,350455.6818,350878.4849,351866.6423,353592.2461,356870.8036,360905.5459,365267.1357,368827.7299,372064.6182,374938.967,377352.3446,378931.7541,379753.5376,380063.0981,380996.034,383052.4315,385839.1552,388016.0713,388786.2251,388956.5963,389449.2184,390413.5507,391544.7666,392034.4005,392636.1611,393074.0327,393890.1422
50,43,Rhode Island,223425.2715,223976.3077,224716.9315,225601.8276,226252.4044,226799.8996,227659.1564,228757.4286,230090.0111,231432.6907,232928.8095,234448.8867,235985.2785,237193.5846,238054.2573,238874.3324,239999.0901,241406.3484,242699.5404,243735.213,244924.5087,246088.3184,247642.4915,249241.316,250960.0358,252544.46,254156.6463,256104.5844,258087.1654,259903.7796,261304.4608,262372.251,263521.5304,264744.6724,266408.9817,268145.7871,269788.8142,271048.4761,272660.0651,274496.7836,276465.8835,277923.9214,279491.5782,281003.987,282339.5509,282955.2183,283185.1929,283318.4289,283517.8349,284099.4954,284917.1972,286066.0782,286893.6642,287644.3535,288178.73,288711.7072,289302.3861,290149.6743,291659.2656,293307.3026,295627.9317,298015.4561,300673.953,302926.0286,303924.5415,304021.9365,304120.9852,305671.0266,308963.976,313539.1518,318993.6293,324754.6931,330134.4748,335751.0246,341588.6368,348011.7989,354501.4552,360591.471,364952.2533,367069.6505,367397.9699,367478.544,368359.3011,370052.2874,373951.294,379879.0867,387648.2157,395272.0936,402018.7446,407511.4348,410243.2138,409886.7253,407660.9096,406231.1794,406002.1441,406193.5197,405687.2912,405708.5975,406957.7839,410226.503,414431.7373,418939.0265,423212.1269,426976.8561,430002.9915,432542.7461,434501.2522,436510.6546,437785.2667,439319.3385,441952.5536,445836.6767,449968.471,453006.0387,455733.7818,458472.7321,461258.5544,463696.3942,465631.5282,467587.074,468992.1836,470369.2029
35,44,Montana,205013.1952,205893.8812,206845.8241,208152.2765,209598.6572,211072.4831,212422.3188,213792.1525,215199.4885,216617.3203,217952.9887,219227.6264,220450.345,221561.1406,222235.76,222663.2829,222959.9494,223364.0607,223699.1552,223877.3172,224027.6499,224276.995,225024.554,226134.872,227237.5262,228351.3571,229397.9844,230811.9826,232118.9077,233502.4633,234717.9046,236047.9027,237079.6011,238069.4015,238940.8733,239999.6135,241039.2648,242065.5452,243400.7758,244799.3558,246297.3012,247546.9821,248986.0368,250286.3262,251486.7945,252336.3206,253177.5136,253833.7297,254559.6222,255394.3395,256692.9129,258144.9977,259436.6746,260569.2731,261694.0346,263168.8244,264409.1234,265552.4066,266732.6134,268091.6235,269895.6461,271965.1121,274627.1247,277061.578,278572.694,279182.366,280033.1309,282186.2565,286085.917,290834.4157,296638.2245,302912.9909,309359.639,316159.0094,323683.2251,332218.8711,341863.0604,351546.7904,360254.3914,367264.9619,372553.8947,377475.622,382534.3587,388101.6005,395214.244,402984.7628,412273.238,422082.363,431232.2382,438382.9655,440799.7893,439412.1564,435240.6406,431665.5141,428815.1736,426313.64,422441.5484,418689.451,416664.9326,418136.8594,421751.1869,425880.0997,429252.4629,431815.205,433672.5681,434764.3946,435108.8571,434955.9044,435428.8853,437327.1426,439947.1589,442302.1923,443145.6489,443123.6505,442987.1275,443941.0743,445657.019,447679.1799,449005.0862,450354.4376,451554.4611,452836.5825
13,45,Delaware,225192.1629,226305.047,227478.7539,228393.0384,228945.3599,229608.1694,230530.8357,231741.0087,232897.1264,233769.3889,234275.9495,234814.1775,235811.2803,236915.4795,237689.6542,238539.3975,239414.0377,240661.5205,241545.1361,242448.9046,243060.3259,243975.4981,244783.3153,245899.7241,247072.7134,248525.7892,249828.0421,250725.3556,250973.2644,250998.8885,250821.855,251064.2222,251666.0038,252504.4209,252951.788,253320.271,253753.0311,254557.7228,255644.7574,256773.4217,257764.4988,258288.6318,258497.3665,258513.1763,258824.4101,259164.9438,259674.086,260213.3608,261214.0244,262625.0162,264056.5301,265331.6637,265859.0098,265880.0108,265629.0772,265618.1132,265432.7439,265231.3955,265391.6591,266156.1206,267306.4928,268618.8977,270015.1239,271073.5953,271222.605,271049.6044,271476.7991,273095.9664,275927.1786,279598.2451,284242.1941,289562.3568,294796.3201,299955.8574,304225.2971,308354.5097,312438.3762,316959.102,320542.9531,322543.9356,322865.1978,323481.2184,325111.4339,327875.2265,331960.7733,336835.4673,342555.4768,348225.2732,353107.8721,356830.6335,358177.2988,358195.7384,357062.092,356559.6735,356251.4171,356562.9157,356955.9167,357706.2533,358873.4105,360344.1929,362036.064,363898.8192,365724.0205,367490.9094,369311.6037,370746.2668,372322.1861,373348.8131,373782.8162,373658.6223,374322.9041,375903.6736,377300.4578,377564.3558,377160.7992,377260.4305,377884.3189,379186.4186,380593.1609,382026.4,383038.36,383514.6784
52,46,South Dakota,163194.963,164036.8507,164824.2432,165639.3212,166412.725,167268.7012,167948.4089,168750.2471,169628.1847,170612.6967,171278.2233,172038.5193,172800.7217,173646.2946,174084.9021,174419.0837,174790.7002,175319.3034,175794.154,176204.6067,176740.2813,177340.5877,177982.8501,178598.729,179168.4933,179763.4436,180398.3582,181281.4857,182188.9775,182982.9772,183571.7369,184028.4571,184627.2808,185385.1847,186382.4014,187249.7622,187955.5488,188493.1198,189306.3272,190122.4176,191024.0223,191528.4594,192291.799,192936.4297,193666.355,194023.9133,194583.3161,195298.5321,196222.943,197286.6771,198479.0235,199615.0907,200497.0686,201232.9459,201832.0113,202406.7926,202918.2143,203821.8292,204938.5977,206216.1449,207177.1834,207993.2606,208977.9467,210156.4946,211199.548,211923.9442,212886.3917,214326.067,216696.125,219200.5206,221987.4746,224396.8597,226630.3118,229069.0726,231713.5355,234860.4723,238641.675,242882.9318,247075.337,250134.3262,251990.6643,253509.9715,255655.6538,258654.1409,262764.7395,267315.3626,272445.107,277509.7871,282111.3591,285875.1376,287915.4218,288328.6483,287535.9597,287180.4428,287141.0846,287243.011,286868.8383,286361.5618,286774.1767,287923.6223,289419.562,290479.2191,290818.9848,290983.1544,290814.016,290550.1237,290418.7984,290034.7418,290243.4852,291178.0201,293179.4758,295112.7241,296252.9287,296536.7476,296482.2221,296716.3612,297478.179,298577.7506,299480.8728,300455.9589,301421.6173,302465.4666
37,47,North Dakota,209966.4368,211369.7132,212765.0069,214465.1125,216281.0538,217867.8088,219021.3353,219987.3108,220724.2231,221600.4024,222265.1221,223396.7802,224099.3046,224558.9645,224046.8923,223459.24,222944.7237,222832.525,222477.9108,221565.1992,220536.5189,219745.5376,219389.3928,219228.305,219016.6751,219046.5289,219023.953,219209.3936,219237.0043,219268.4501,219230.7856,218880.2612,218381.856,217753.71,217194.2242,216575.7235,216061.685,215719.7647,215837.7713,215825.8772,215693.821,215017.1569,214598.8031,214134.1164,213951.7088,213534.8682,213231.667,212902.5223,212961.0166,213560.0273,214459.1019,215222.2037,215854.0429,216752.5904,217725.235,218431.2377,218689.9683,219107.3357,219762.6046,220592.6917,220932.568,221160.7675,221417.8616,222096.9279,222547.6093,222823.7509,223122.9053,223877.8671,225499.0123,226676.6207,227635.3803,227907.1286,228325.6192,228864.5041,229322.5273,230207.6443,231746.1459,233964.6021,236077.1315,237490.157,238016.9011,238480.385,239244.805,240585.5339,242634.3844,244452.5729,246319.3465,248348.4466,250544.9472,252865.6688,254030.9752,254588.482,254221.0615,254307.2428,254593.8624,254651.7751,253750.2996,252464.5376,251901.3987,252418.0123,253468.165,254629.0682,255126.9619,255385.2928,254834.0217,253941.5052,252846.0027,251511.565,250807.1553,250917.0314,252308.9556,254135.9586,255617.6067,256792.0107,257770.2576,258642.8652,259404.1,260312.0829,261433.6901,262739.6524,264125.8845,265401.5137
3,48,Alaska,268081.7706,268669.2319,268867.3859,269438.0726,270315.7382,271250.3856,272300.8041,273483.4803,275313.762,276739.8547,277827.9087,278284.5742,278502.1129,278539.0917,278149.6052,278295.5206,278734.1232,279368.5473,279518.1174,279299.544,279536.988,279898.3021,280530.8976,280934.1142,281143.6732,280913.4977,280354.3929,280176.1951,280168.9192,280374.7424,280575.0406,281068.2922,281972.9322,282990.2667,283983.933,284404.6143,284720.5043,284926.1867,285421.4951,285822.2492,285970.1503,285609.3681,285525.6788,285562.3797,286193.0455,286351.7285,286415.4633,286051.0161,287897.1799,291664.1325,,300266.1301,302418.6641,303912.0156,305028.3746,306079.7509,307144.4806,308277.8183,309770.682,311234.4459,312482.0128,313276.9258,313725.078,313782.0413,312993.6409,311887.9328,311318.7696,312189.6174,314069.591,316040.1942,317954.6262,319577.3699,320641.5104,321216.4412,321466.0352,322366.0797,324356.0096,327072.3227,330981.4827,334473.5234,337638.2366,339772.9724,341230.8188,342908.2721,344203.8959,345219.6727,346603.2255,348883.3139,352250.5788,355278.802,357328.7398,358274.8108,357827.5853,357051.1516,356136.6948,355515.7186,354626.5239,353934.8382,353545.3391,353748.2102,354434.9926,356069.8275,357549.8245,358880.4335,359098.0922,358669.8784,357724.6482,356810.3808,357022.7901,357999.3942,359541.0915,360644.6097,361530.5126,362091.0692,362272.1893,362355.5893,362906.3519,364128.8463,365370.1735,366825.2421,367991.7957,368985.2819
12,49,District of Columbia,473276.3734,474539.6037,475092.9576,476378.8891,477642.7969,479889.2225,482989.0147,486565.1485,490603.5986,494601.2694,498506.0831,501493.3189,503369.026,505017.309,506134.9025,507158.6164,507836.5878,508627.0542,509373.6459,510323.4574,511221.3451,513015.5324,516150.2228,520117.1766,523007.0025,524733.8785,525758.3124,527576.9879,528781.6354,530533.0303,532205.2581,533677.5808,534959.6445,535735.0316,536984.8688,539078.1837,543118.9962,547921.2808,552864.6849,556105.5871,558998.8557,560396.7567,561856.4981,562789.7977,564155.0439,565514.132,567598.6942,569034.9405,570180.8712,570423.8285,572060.4837,574313.5533,575855.4205,575914.2334,575593.9471,575632.6551,575909.337,576433.5192,577581.9686,579083.7437,581706.3241,585308.483,590117.5899,594854.8461,597560.9614,598043.8074,598242.157,600353.1285,604687.4329,609150.5015,613847.6597,617706.4331,620471.4004,622809.5,626116.0538,630521.1544,635853.9392,640921.5362,643342.0252,642439.1816,639290.6519,637186.298,636134.7944,635357.3652,636265.8606,640540.1027,648822.4276,656546.1914,661226.3323,661485.1719,657730.451,651254.4085,643011.2612,636957.8418,632454.4197,629374.0781,626441.6439,624356.4271,622562.5689,621329.8958,620467.9205,620900.8031,622247.9027,623761.2388,624314.063,623452.1007,621130.6144,618450.9974,615742.2284,614786.5753,615012.0285,615546.3318,614711.3642,611615.5459,608552.5969,605818.1285,605653.3188,605557.8225,605114.6213,604473.1654,603309.8214,602547.8992
58,50,Vermont,218445.3718,218916.3247,219516.3716,220280.9445,221120.3921,221928.3777,222660.7963,223184.7554,223706.0285,224195.6116,224235.9647,224231.392,224121.1401,223997.2947,223361.4621,222986.6777,223241.417,224212.3149,224995.296,225511.3151,225828.8046,226259.7484,227022.7278,228151.2367,229488.094,230514.7889,231509.3871,232667.6988,233861.8299,234894.9427,235754.8002,236604.6122,237410.1834,238257.9808,239256.2941,240188.3744,241043.8206,241856.3572,242952.1386,243851.191,244444.8653,244540.6488,245277.1198,246398.5226,247709.7641,248236.727,248466.5607,248627.5902,248879.0445,249196.7115,249638.8806,250106.7493,250372.2999,250590.6853,251128.9022,251874.902,252622.5427,253548.1663,254868.8709,256496.462,257929.6107,259042.9168,259978.6276,260948.0968,261786.7214,262376.7938,263260.2744,265268.2438,268963.1212,272886.7588,276563.0442,280142.6164,283935.4597,288158.9918,291790.6926,295425.4021,300238.9972,306472.6637,313644.0735,318222.4076,320343.043,320595.0024,321888.4734,324009.8912,327988.5223,332715.0578,338263.1027,344146.785,349585.5507,354427.91,356832.4901,356878.2723,355441.5029,354292.9894,353941.7255,353776.6741,354937.1801,355960.0503,358099.755,360275.9947,363511.745,366182.1257,367970.2771,370454.8358,373097.4289,374948.1452,375572.8143,374970.6182,374254.6574,373781.4237,374917.2925,377356.2247,379514.583,380884.7616,380553.3198,380147.0385,379367.027,378972.5515,377615.7131,376358.9061,375023.8396,373947.1866
62,51,Wyoming,215105.6089,216575.0715,218060.8718,219446.9539,220614.2991,221699.2727,223110.3835,224680.6742,226296.1066,227509.448,228339.0498,228722.5132,229077.7248,229552.3931,229903.8648,229970.938,229950.5663,230028.4883,229899.3284,229491.9772,228887.1089,228626.5269,228696.6268,229102.1473,229456.1594,229583.5184,229582.9631,229822.3389,230061.2536,230299.8861,230320.168,230340.018,230425.7299,230691.1947,231085.7348,231582.7556,231989.3573,232196.9121,232553.8678,232709.5582,232971.2634,232898.7736,233452.1564,234204.0618,235337.6798,236072.4352,236692.9701,237086.7887,237609.6875,238428.2811,239673.1542,241110.5057,242358.9549,243734.3633,245084.5301,246709.762,247899.2323,249192.1343,250540.7592,252251.4934,253461.866,254393.7583,255269.4957,256515.8927,257616.7685,258468.9064,259381.5152,260856.595,263023.8784,265378.4336,268079.1695,270563.6751,272942.4646,275296.1313,278002.2599,280969.9756,283752.3524,286154.4567,288314.8571,290265.693,291973.3143,294020.3221,296581.1619,299412.1234,302714.1146,305817.7632,309477.7521,312852.1342,316158.0163,319455.0771,321856.6776,323049.7728,322942.5662,323281.7379,323977.8678,324450.2471,324103.191,323572.8135,323630.212,324552.1958,326247.3034,328258.0968,329911.9199,331534.1486,332848.399,334107.6303,334506.9982,334156.6293,333642.1211,333891.25,335089.23,336661.1164,337984.1483,338719.4211,339223.6272,340594.3026,342842.4122,345556.8738,347761.8833,350009.7058,351963.0131,353826.4867
